,AFG,AGO,ALB,AND,ANT,ARE,ARG,ARM,ATG,AUS,AUT,AZE,BDI,BEL,BEN,BFA,BGD,BGR,BHR,BHS,BIH,BLR,BLZ,BMU,BOL,BRA,BRB,BRN,BTN,BWA,CAF,CAN,CHE,CHL,CHN,CIV,CMR,COD,COG,COK,COL,COM,CRI,CUB,CYM,CYP,CZE,DEU,DJI,DMA,DNK,DOM,DZA,ECU,EGY,ERI,ESP,EST,ETH,FIN,FJI,FRA,FSM,GAB,GBR,GEO,GHA,GIN,GMB,GNB,GNQ,GRC,GRD,GRL,GTM,GUF,GUY,HND,HRV,HTI,HUN,IDN,IND,IRL,IRN,IRQ,ISL,ISR,ITA,JAM,JOR,JPN,KAZ,KEN,KGZ,KHM,KNA,KOR,KWT,LAO,LBN,LBR,LBY,LCA,LIE,LKA,LSO,LTU,LUX,LVA,MAR,MCO,MDA,MDG,MDV,MEX,MHL,MKD,MLI,MLT,MMR,MNG,MOZ,MRT,MSR,MUS,MWI,MYS,NAM,NCL,NER,NGA,NIC,NLD,NOR,NPL,NZL,OMN,PAK,PAN,PER,PHL,PLW,PNG,POL,PRT,PRY,PSE,QAT,ROU,RUS,RWA,SAU,SDN,SEN,SGP,SLB,SLE,SLV,SOM,SRB,STP,SUR,SVK,SVN,SWE,SWZ,SYC,SYR,TCD,TGO,THA,TJK,TKM,TON,TTO,TUN,TUR,TWN,TZA,UGA,UKR,URY,USA,UZB,VAT,VCT,VEN,VNM,VUT,WSM,YEM,YUG,ZAF,ZMB,ZWE
AFG,0,0,0,0,0,0,0,0,0,0,0,0,0,0,0,0,0,0,0,0,0,0,0,0,0,0,0,0,0,0,0,0,0,0,0,0,0,0,0,0,0,0,0,0,0,0,0,0,0,0,0,0,0,0,0,0,0,0,0,0,0,0,0,0,1,0,0,0,0,0,0,0,0,0,0,0,0,0,0,0,0,0,0,0,0,0,0,0,0,0,0,0,0,0,0,0,0,0,0,0,0,0,0,0,0,0,0,0,0,0,0,0,0,0,0,0,0,0,0,0,0,0,0,0,0,0,0,0,0,0,0,0,0,0,0,0,0,0,0,0,0,0,0,0,0,0,0,0,0,0,0,0,0,0,0,0,0,0,0,0,0,0,0,0,0,0,0,0,0,0,0,0,0,0,0,0,0,0,0,0,0,0,0,0,0,0,0,0,0,0,0,0,0,0,0,0
AGO,0,0,0,0,0,0,0,0,0,0,0,0,0,1,0,0,0,0,0,0,0,0,0,0,0,0,0,0,0,0,0,0,0,0,0,0,0,0,0,0,0,0,0,0,0,0,0,1,0,0,0,0,0,0,0,0,0,0,0,0,0,2,0,0,2,0,0,0,0,0,0,0,0,0,0,0,0,0,0,0,0,0,0,0,0,0,0,0,1,0,0,0,0,0,0,0,0,0,0,0,0,0,0,0,0,0,0,0,0,0,0,0,0,0,0,0,0,0,0,0,0,0,0,0,0,0,0,0,0,0,0,0,0,0,0,0,0,0,0,0,0,0,0,0,0,5,0,0,0,0,0,0,0,0,0,0,0,0,0,0,0,0,0,0,0,0,0,0,0,0,0,0,0,0,0,0,0,0,0,0,0,0,0,1,0,0,0,0,0,0,0,0,0,0,0,0
ALB,0,0,0,0,0,0,0,0,0,0,2,0,0,1,0,0,0,0,0,0,0,0,0,0,0,0,0,0,0,0,0,0,0,0,0,0,0,0,0,0,0,0,0,0,0,0,0,4,0,0,0,0,0,0,0,0,1,0,0,0,0,1,0,0,2,0,0,0,0,0,0,6,0,0,0,0,0,0,0,0,1,0,0,1,0,0,0,0,15,0,0,0,0,0,0,0,0,0,0,0,0,0,0,0,0,0,0,0,0,0,0,0,0,0,0,0,0,1,0,0,0,0,0,0,0,0,0,0,0,0,0,0,0,0,0,0,0,0,0,0,0,0,0,0,1,0,0,0,0,0,0,0,0,0,0,0,0,0,0,0,0,0,0,1,0,2,0,0,0,0,0,0,0,0,0,0,0,1,0,0,0,0,0,2,0,0,0,0,0,0,0,0,1,0,0,0
AND,0,0,0,0,0,0,1,0,0,0,0,0,0,0,0,0,0,0,0,0,0,0,0,0,0,0,0,0,0,0,0,0,0,0,0,0,0,0,0,0,0,0,0,0,0,0,0,0,0,0,0,0,0,0,0,0,2,0,0,0,0,0,0,0,0,0,0,0,0,0,0,0,0,0,0,0,0,0,0,0,0,0,0,0,0,0,0,0,0,0,0,0,0,0,0,0,0,0,0,0,0,0,0,0,0,0,0,0,0,0,0,0,0,0,0,0,0,0,0,0,0,0,0,0,0,0,0,0,0,0,0,0,0,0,0,0,0,0,0,0,0,0,0,0,0,0,0,0,0,0,0,0,0,0,0,0,0,0,0,0,0,0,0,0,0,0,0,0,0,0,0,0,0,0,0,0,0,0,0,0,0,0,0,0,0,0,0,0,0,0,0,0,0,0,0,0
ANT,0,0,0,0,0,0,0,0,0,0,0,0,0,0,0,0,0,0,0,1,0,0,1,0,0,0,1,0,0,0,0,1,0,0,0,0,0,0,0,0,0,0,0,0,0,0,0,1,0,0,0,1,0,0,0,0,0,0,0,0,0,1,0,0,3,0,0,0,0,0,0,0,0,0,0,0,0,0,0,1,0,0,0,0,0,0,0,0,1,1,0,1,0,0,0,0,1,0,0,0,0,0,0,0,0,0,0,0,0,0,0,0,0,0,0,0,0,0,0,0,0,0,0,0,0,0,0,0,0,0,0,0,0,19,0,0,0,0,0,0,0,0,0,0,0,0,0,0,0,0,0,0,0,0,0,0,0,0,0,0,0,0,0,0,0,0,0,0,0,0,0,0,0,0,0,1,0,0,0,0,0,0,0,2,0,0,1,0,0,0,0,0,0,1,0,0
ARE,0,0,0,0,0,0,0,1,0,2,3,0,0,2,0,0,0,0,1,0,0,0,0,0,0,1,0,0,0,0,0,9,2,0,7,0,0,0,0,0,0,0,0,0,0,0,0,7,0,0,0,0,1,0,22,0,4,0,0,1,0,8,0,0,42,0,0,0,0,0,0,3,0,0,0,0,0,0,0,0,2,0,4,3,2,2,0,1,6,0,15,4,0,0,0,0,0,0,5,0,6,0,2,0,0,0,0,0,0,0,0,0,0,0,0,1,0,0,0,0,0,0,0,0,0,0,0,1,0,0,0,0,0,6,1,0,3,6,1,0,0,0,0,0,2,0,0,1,0,0,1,0,11,0,0,0,0,0,0,0,0,0,0,0,0,8,0,0,0,0,0,0,0,0,0,0,0,3,0,0,0,1,0,57,0,0,0,0,0,0,0,0,5,6,0,0
ARG,0,0,0,1,0,0,0,0,0,44,35,0,0,38,0,0,1,2,0,0,0,0,0,0,6,254,0,0,0,0,1,89,38,73,18,0,0,0,0,0,25,0,12,11,0,0,20,210,0,0,15,0,0,12,3,0,341,1,0,8,0,212,0,0,159,1,0,0,0,0,0,5,0,0,1,0,0,1,4,1,21,1,25,4,1,0,1,16,125,0,1,46,0,0,0,0,0,18,0,0,0,0,0,0,0,1,0,0,0,0,1,0,0,1,0,87,0,0,0,0,0,0,0,0,0,0,0,0,0,0,0,1,0,53,4,0,12,0,4,2,13,1,0,0,28,17,1,0,0,3,26,0,2,0,0,4,0,0,1,0,0,0,0,1,0,29,0,0,1,0,0,5,0,0,0,1,1,5,1,0,1,7,42,694,2,0,0,24,2,0,0,0,2,8,0,0
ARM,0,0,0,0,0,1,0,0,0,1,1,0,0,17,0,0,0,1,0,0,0,2,0,0,0,3,0,0,0,0,0,8,25,1,3,0,0,0,0,0,0,0,0,0,0,0,15,62,0,0,0,0,0,0,0,0,13,0,0,5,0,63,0,0,33,2,0,0,0,0,0,15,0,0,0,0,0,0,0,0,1,0,0,0,0,0,0,1,42,0,0,12,0,0,0,0,0,10,0,0,0,0,0,0,0,0,0,0,0,1,1,0,0,0,0,22,0,0,0,0,0,0,0,0,0,0,0,0,0,0,0,0,0,10,0,0,2,0,0,0,0,0,0,0,25,6,0,0,0,10,78,0,1,0,0,0,0,0,0,0,0,0,0,16,0,19,0,0,0,0,0,0,0,0,0,0,0,0,3,0,0,4,0,51,0,0,0,0,0,0,0,0,0,0,0,0
ATG,0,0,0,0,0,0,0,0,0,0,0,0,0,0,0,0,0,0,0,0,0,0,0,0,0,0,0,0,0,0,0,0,0,0,0,0,0,0,0,0,0,0,0,0,0,0,0,0,0,0,0,0,0,0,0,0,0,0,0,0,0,0,0,0,0,0,0,0,0,0,0,0,0,0,0,0,0,0,0,0,0,0,0,0,0,0,0,0,0,0,0,0,0,0,0,0,0,0,0,0,0,0,0,0,0,0,0,0,0,0,0,0,0,0,0,0,0,0,0,0,0,0,0,0,0,0,0,0,0,0,0,0,0,0,0,0,0,0,0,0,0,0,0,0,0,0,0,0,0,0,0,0,0,0,0,0,0,0,0,0,0,0,0,0,0,0,0,0,0,0,0,0,0,0,0,0,0,0,0,0,0,0,0,0,0,0,0,0,0,0,0,0,0,0,0,0
AUS,0,0,0,0,0,2,44,1,0,0,186,0,0,180,0,1,9,9,0,0,0,2,0,2,0,105,0,1,0,1,1,701,299,47,670,0,2,0,0,0,10,0,1,2,0,6,36,851,0,0,165,0,2,3,8,1,172,4,4,100,4,553,0,0,1842,1,2,0,0,0,0,44,0,2,1,0,1,0,12,1,46,81,134,55,59,0,11,99,368,0,4,631,0,14,0,1,0,128,2,1,1,0,1,0,0,7,0,1,0,1,0,1,2,1,0,46,0,1,0,1,1,0,1,0,0,5,3,31,2,4,0,4,0,308,84,3,469,1,11,4,4,25,1,21,128,19,0,0,0,19,184,0,9,0,1,187,1,0,0,0,2,0,0,12,40,294,0,0,5,0,0,99,0,0,0,2,2,28,125,2,1,24,1,3320,2,0,0,5,26,1,1,0,11,148,1,7
AUT,0,0,2,0,0,3,35,1,0,186,0,0,0,157,0,0,2,31,0,0,3,4,0,0,1,33,0,0,1,2,1,164,360,13,109,0,2,0,0,0,8,1,3,3,0,0,136,1473,0,0,125,0,1,2,13,0,207,2,4,104,0,436,0,2,518,8,1,0,0,0,0,67,0,0,1,1,0,0,42,1,122,4,54,20,10,1,6,47,422,0,0,183,0,2,0,0,0,46,4,0,0,0,0,0,1,1,0,10,5,6,3,0,1,1,0,14,0,0,0,0,0,0,0,0,0,1,0,2,0,0,0,2,0,230,60,1,24,0,3,0,4,2,0,0,184,45,0,0,0,17,181,0,5,3,0,12,0,0,0,0,2,0,0,124,81,171,0,0,0,0,0,23,0,0,0,0,2,21,36,0,0,43,4,1079,2,0,0,4,4,0,0,0,16,41,1,2
AZE,0,0,0,0,0,0,0,0,0,0,0,0,0,0,0,0,0,0,0,0,0,0,0,0,0,0,0,0,0,0,0,1,1,0,1,0,0,0,0,0,0,0,0,0,0,0,0,12,0,0,0,0,0,0,0,0,0,0,0,1,0,2,0,0,8,0,0,0,0,0,0,0,0,0,0,0,0,0,0,0,0,0,0,0,3,0,0,0,2,0,0,1,1,0,0,0,0,1,0,0,0,0,0,0,0,0,0,0,0,0,1,0,0,0,0,0,0,0,0,0,0,0,0,0,0,0,0,0,0,0,0,0,0,0,0,0,0,0,0,0,0,0,0,0,0,0,0,0,0,1,10,0,0,0,0,0,0,0,0,0,0,0,0,0,0,0,0,0,0,0,0,0,0,0,0,0,0,40,0,0,0,1,0,7,1,0,0,0,0,0,0,0,0,0,0,0
BDI,0,0,0,0,0,0,0,0,0,0,0,0,0,2,0,0,0,0,0,0,0,0,0,0,0,0,0,0,0,0,0,0,0,0,0,1,0,0,0,0,0,0,0,0,0,0,0,0,0,0,0,0,0,0,0,0,0,0,0,0,0,2,0,0,0,0,0,0,0,0,0,0,0,0,0,0,0,0,0,0,0,0,0,0,0,0,0,0,0,0,0,0,0,0,0,0,1,0,0,0,0,0,0,0,0,0,0,0,0,0,1,0,0,0,0,0,0,0,0,0,0,0,0,0,0,0,0,0,0,0,0,1,0,0,0,0,0,0,0,0,0,0,0,0,0,0,0,0,0,0,0,0,0,0,1,0,0,0,0,0,0,0,0,0,0,0,0,0,0,0,0,0,0,0,0,0,0,0,0,0,0,0,0,0,0,0,0,0,0,0,0,0,0,0,0,0
BEL,0,1,1,0,0,2,38,17,0,180,157,0,2,0,12,3,7,71,0,0,3,13,0,0,5,124,0,1,0,2,2,349,397,31,155,7,17,10,1,0,6,0,6,14,0,3,109,1143,0,0,201,0,10,4,13,0,443,7,9,141,1,1477,0,0,1139,9,1,1,4,0,1,128,0,0,0,1,0,0,17,0,165,5,49,81,7,0,8,105,640,1,0,235,0,41,2,5,0,18,3,1,4,0,0,0,0,3,0,7,35,1,19,3,9,0,0,49,0,2,2,2,0,0,0,0,0,0,1,11,0,0,6,3,3,994,74,0,33,0,3,7,9,4,0,0,199,92,2,0,0,73,248,2,11,1,14,19,0,0,0,0,0,0,0,42,20,294,0,0,3,1,0,10,0,0,0,0,17,40,11,10,4,41,6,1606,1,0,0,7,21,0,0,0,17,83,7,6
BEN,0,0,0,0,0,0,0,0,0,0,0,0,0,12,0,3,0,0,0,0,0,0,0,0,0,3,0,0,0,0,0,8,4,0,0,3,7,0,1,0,0,0,0,0,0,0,0,3,0,0,0,0,0,0,0,0,0,0,0,0,0,16,0,1,9,0,2,0,0,0,0,0,0,0,0,0,0,0,0,0,0,0,0,0,0,0,0,0,3,0,0,1,0,2,0,0,0,0,0,0,0,0,0,0,0,0,0,0,0,0,0,0,0,0,0,0,0,0,0,0,0,0,0,0,0,0,0,0,0,0,0,8,0,5,1,0,0,0,0,0,0,0,0,0,0,0,0,0,0,0,0,0,0,0,1,0,0,0,0,0,0,0,0,0,0,0,0,0,0,0,4,1,0,0,0,0,0,0,0,0,1,0,0,7,0,0,0,0,0,0,0,0,0,3,0,1
BFA,0,0,0,0,0,0,0,0,0,1,0,0,0,3,3,0,0,0,0,0,0,0,0,0,0,1,0,0,0,0,2,3,9,0,0,7,4,0,1,0,0,0,0,0,0,0,0,7,0,0,2,0,0,1,0,0,1,0,1,0,0,25,0,0,8,0,5,1,1,0,0,1,0,0,1,0,0,1,0,0,0,1,1,0,0,0,0,0,11,0,0,2,0,0,0,0,0,0,0,0,0,0,0,0,0,0,0,0,0,0,1,0,0,1,0,1,0,0,3,0,0,0,0,0,0,0,1,0,0,0,4,6,0,5,1,0,0,0,0,0,0,2,0,0,0,0,0,0,0,0,0,0,0,1,3,0,0,0,0,0,0,0,0,0,0,1,0,0,0,0,1,0,0,0,0,1,0,0,0,1,2,0,0,11,0,0,0,0,0,0,0,0,0,2,0,2
BGD,0,0,0,0,0,0,1,0,0,9,2,0,0,7,0,0,0,0,0,0,0,0,0,0,0,2,0,2,0,0,0,5,3,0,2,0,0,0,0,0,0,0,0,0,0,0,0,23,0,0,2,0,1,0,0,0,1,0,0,1,0,5,0,0,45,1,0,0,1,0,0,1,0,0,1,0,0,0,0,0,0,5,35,1,0,0,0,2,4,0,0,46,0,0,0,0,0,4,4,0,0,0,0,0,0,3,0,0,0,0,0,0,0,0,0,1,0,0,1,0,0,0,0,0,0,0,0,10,0,0,0,0,1,10,2,0,0,3,1,0,1,5,0,0,0,1,0,0,0,0,0,0,1,0,1,1,1,0,0,0,0,0,0,0,0,16,0,0,1,0,0,7,0,0,0,0,0,2,2,0,0,0,0,66,0,0,0,0,5,0,0,0,0,2,0,0
BGR,0,0,0,0,0,0,2,1,0,9,31,0,0,71,0,0,0,0,0,0,3,3,0,0,1,12,0,0,0,0,0,22,48,6,29,0,0,0,0,0,0,0,0,0,0,18,20,232,0,0,11,0,2,0,2,0,67,4,0,14,0,145,0,0,110,2,0,0,0,0,0,43,0,0,0,0,0,0,12,0,42,0,25,13,0,0,0,14,113,0,0,33,0,0,0,0,0,19,3,0,0,0,0,0,0,0,0,6,1,4,1,0,0,0,0,8,0,8,0,0,0,0,0,1,0,0,0,0,0,0,0,0,0,53,6,0,0,0,0,0,0,0,0,0,36,14,0,0,0,37,68,0,0,0,0,0,0,0,0,0,0,0,0,6,8,36,0,0,0,0,0,0,0,0,0,0,1,15,18,0,0,11,0,157,0,0,0,0,3,0,0,0,8,1,0,0
BHR,0,0,0,0,0,1,0,0,0,0,0,0,0,0,0,0,0,0,0,0,0,0,0,0,0,0,0,0,0,0,0,0,0,0,0,0,0,0,0,0,0,0,0,0,0,0,0,0,0,0,0,0,0,0,1,0,0,0,0,0,0,1,0,0,5,0,0,0,0,0,0,0,0,0,0,0,0,0,0,0,0,0,0,0,0,0,0,0,0,0,1,0,0,0,0,0,0,0,0,0,7,0,0,0,0,0,0,0,0,0,0,0,0,0,0,0,0,0,0,0,0,0,0,0,0,0,0,0,0,0,0,0,0,1,0,0,0,0,0,0,0,0,0,0,0,0,0,0,0,0,0,0,3,0,0,0,0,0,0,0,0,0,0,0,0,0,0,0,0,0,0,0,0,0,0,0,0,1,0,0,0,0,0,3,0,0,0,0,0,0,0,0,0,0,0,0
BHS,0,0,0,0,1,0,0,0,0,0,0,0,0,0,0,0,0,0,0,0,0,0,1,0,0,0,1,0,0,0,0,0,0,0,0,0,0,0,0,0,0,0,0,0,0,0,0,0,0,0,0,1,0,0,0,0,0,0,0,0,0,1,0,0,2,0,0,0,0,0,0,0,0,0,0,0,0,0,0,1,0,0,0,0,0,0,0,0,0,1,0,0,0,0,0,0,1,0,0,0,0,0,0,0,0,0,0,0,0,0,0,0,0,0,0,0,0,0,0,0,0,0,0,0,0,0,0,0,0,0,0,0,0,2,0,0,0,0,0,0,0,0,0,0,0,0,0,0,0,0,0,0,0,0,0,0,0,0,0,0,0,0,1,0,0,0,0,0,0,0,0,0,0,0,0,3,0,0,0,0,0,0,0,5,0,0,1,0,0,0,0,0,0,0,0,0
BIH,0,0,0,0,0,0,0,0,0,0,3,0,0,3,0,0,0,3,0,0,0,0,0,0,0,0,0,0,0,0,0,0,2,0,0,0,0,0,0,0,0,0,0,0,0,0,2,11,0,0,1,0,0,0,0,0,0,0,1,0,0,2,0,0,6,0,0,0,0,0,0,2,0,0,0,0,0,0,14,0,1,0,0,0,0,0,0,0,4,0,0,0,0,0,0,0,0,0,0,0,0,0,0,0,0,0,0,0,0,0,1,0,0,0,0,0,0,0,0,0,0,0,0,0,0,0,0,0,0,0,0,0,0,0,1,0,0,0,0,0,0,0,0,0,1,0,0,0,0,0,0,0,0,0,0,0,0,0,0,0,0,0,0,1,4,2,0,0,0,0,0,0,0,0,0,0,1,1,0,0,0,0,0,6,0,0,0,0,1,0,0,0,5,0,0,0
BLR,0,0,0,0,0,0,0,2,0,2,4,0,0,13,0,0,0,3,0,0,0,0,0,0,0,3,0,0,0,0,0,7,9,0,6,0,0,0,0,0,0,0,0,0,0,0,12,159,0,0,2,0,0,0,1,0,10,1,0,6,0,39,0,0,33,0,0,0,0,0,0,6,0,0,0,0,0,0,0,0,2,1,3,0,0,0,0,5,21,0,1,18,1,0,0,0,0,7,0,0,0,0,0,0,0,0,0,4,0,2,1,0,2,0,0,6,0,0,0,0,0,0,0,0,0,0,0,0,0,0,0,0,0,7,0,0,0,0,0,0,0,0,0,0,59,16,0,0,0,1,156,0,0,0,0,0,0,0,0,0,0,0,0,2,5,21,0,0,0,0,0,0,0,0,0,0,0,1,1,0,0,16,0,69,0,0,0,0,0,0,0,0,2,0,0,0
BLZ,0,0,0,0,1,0,0,0,0,0,0,0,0,0,0,0,0,0,0,1,0,0,0,0,0,0,1,0,0,0,0,0,0,0,0,0,0,0,0,0,0,0,0,0,0,0,0,0,0,0,0,1,0,0,0,0,0,0,0,0,0,2,0,0,3,0,0,0,0,0,0,0,0,0,0,0,0,0,0,1,0,0,0,0,0,0,0,0,1,1,0,0,0,0,0,0,1,0,0,0,0,0,0,0,0,0,0,0,0,0,0,0,0,0,0,0,0,0,0,0,0,0,0,0,0,0,0,0,0,0,0,0,0,1,0,0,0,0,0,0,0,0,0,0,0,0,0,0,0,0,0,0,0,0,0,0,0,0,0,0,0,0,0,0,0,0,0,0,0,0,0,0,0,0,0,1,0,0,0,0,0,0,0,5,0,0,1,0,0,0,0,0,0,0,0,0
BMU,0,0,0,0,0,0,0,0,0,2,0,0,0,0,0,0,0,0,0,0,0,0,0,0,0,0,0,0,0,0,0,4,0,0,0,0,0,0,0,0,0,0,0,0,0,0,0,1,0,0,1,0,0,0,0,0,0,0,0,0,0,3,0,0,11,0,0,0,0,0,0,0,0,0,0,0,0,0,0,0,0,0,0,0,0,0,1,0,0,0,0,1,0,0,0,0,0,0,0,0,0,0,0,0,0,0,0,0,0,0,0,0,0,0,0,0,0,0,0,0,0,0,0,0,0,0,0,0,0,0,0,0,0,1,1,0,0,0,0,0,0,0,0,0,0,1,0,0,0,0,0,0,0,0,0,0,0,0,0,0,0,0,0,0,0,1,0,0,0,0,0,0,0,0,0,0,0,0,0,0,0,0,0,12,0,0,0,0,0,0,0,0,0,0,0,0
BOL,0,0,0,0,0,0,6,0,0,0,1,0,0,5,0,0,0,1,0,0,0,0,0,0,0,6,0,0,0,0,0,1,4,2,0,0,1,0,0,0,3,0,0,0,0,0,0,7,0,0,1,0,0,5,0,0,8,0,0,2,0,23,0,0,7,0,0,0,0,0,0,0,0,0,0,1,0,1,0,0,0,0,0,0,0,0,0,1,5,0,0,2,0,0,0,0,0,0,0,0,0,0,0,0,0,0,0,0,0,0,0,0,0,0,0,2,0,0,0,0,0,0,0,0,0,0,0,0,0,0,0,0,0,8,1,0,0,0,0,2,11,0,0,0,0,0,0,0,0,0,0,0,0,0,0,0,0,0,0,0,0,0,0,0,0,2,0,0,0,0,0,0,0,0,0,0,0,0,0,0,0,0,3,38,0,0,0,1,0,0,0,0,0,0,0,0
BRA,0,0,0,0,0,1,254,3,0,105,33,0,0,124,3,1,2,12,0,0,0,3,0,0,6,0,0,0,0,0,1,279,85,115,97,0,2,0,0,0,55,0,18,33,0,2,36,509,0,0,47,3,0,17,7,0,269,1,1,32,1,625,0,0,556,2,0,1,0,1,0,19,0,1,2,1,0,1,6,1,31,6,78,7,3,0,1,53,313,1,2,189,1,4,0,0,0,39,1,1,1,0,0,0,0,0,0,3,1,1,4,0,1,1,0,111,0,0,0,0,1,0,0,0,0,0,1,2,0,0,0,3,0,138,26,1,20,0,2,12,28,9,0,1,70,129,3,0,0,16,157,0,1,0,5,15,0,0,1,0,0,0,0,5,5,103,0,0,1,0,0,13,0,0,0,0,2,10,14,0,2,31,43,1868,3,0,0,34,4,0,0,0,9,31,1,3
BRB,0,0,0,0,1,0,0,0,0,0,0,0,0,0,0,0,0,0,0,1,0,0,1,0,0,0,0,0,0,0,0,1,0,0,0,0,0,0,0,0,0,0,0,0,0,0,0,1,0,0,0,1,0,0,0,0,1,0,0,0,0,0,0,0,4,0,0,0,0,0,0,0,0,0,0,0,0,0,0,1,0,0,1,0,0,0,0,0,2,2,0,0,0,0,0,0,1,0,1,0,0,0,0,0,0,0,0,0,0,0,0,0,0,0,0,0,0,0,0,0,0,0,0,0,0,0,0,0,0,0,0,0,0,1,0,0,0,0,0,0,0,0,0,0,0,0,0,0,0,0,0,0,0,0,0,0,0,0,0,0,0,0,0,0,0,0,0,0,0,0,0,0,0,0,0,2,0,0,0,0,0,0,0,13,0,0,1,0,0,0,0,0,0,0,0,0
BRN,0,0,0,0,0,0,0,0,0,1,0,0,0,1,0,0,2,0,0,0,0,0,0,0,0,0,0,0,0,0,0,0,0,0,0,0,0,0,0,0,0,0,0,0,0,0,0,1,0,0,0,0,0,0,0,0,0,0,0,1,0,0,0,0,1,0,0,0,0,0,0,0,0,0,0,0,0,0,0,0,0,1,1,0,0,0,0,0,0,0,0,0,0,0,0,0,0,0,0,0,0,0,0,0,0,0,0,0,0,0,0,0,0,0,0,0,0,0,0,0,0,0,0,0,0,0,0,2,0,0,0,0,0,0,0,0,0,0,0,0,0,0,0,0,0,0,0,0,0,0,0,0,0,0,0,1,0,0,0,0,0,0,0,0,0,0,0,0,0,0,0,1,0,0,0,0,0,0,0,0,0,1,0,8,0,0,0,0,0,0,0,0,0,0,0,0
BTN,0,0,0,0,0,0,0,0,0,0,1,0,0,0,0,0,0,0,0,0,0,0,0,0,0,0,0,0,0,0,0,0,0,0,0,0,0,0,0,0,0,0,0,0,0,0,0,0,0,0,0,0,0,0,0,0,0,0,0,0,0,0,0,0,1,0,0,0,0,0,0,0,0,0,0,0,0,0,0,0,0,0,3,0,0,0,0,0,0,0,0,1,0,0,0,0,0,0,0,0,0,0,0,0,0,0,0,0,0,0,0,0,0,0,0,0,0,0,0,0,0,0,0,0,0,0,0,0,0,0,0,0,0,0,0,0,0,0,0,0,0,0,0,0,0,0,0,0,0,0,0,0,0,0,0,0,0,0,0,0,0,0,0,0,0,0,0,0,0,0,0,0,0,0,0,0,0,0,0,0,0,0,0,0,0,0,0,0,0,0,0,0,0,0,0,0
BWA,0,0,0,0,0,0,0,0,0,1,2,0,0,2,0,0,0,0,0,0,0,0,0,0,0,0,0,0,0,0,0,4,4,0,1,0,4,0,0,0,0,0,0,0,0,0,0,4,0,0,2,0,0,0,0,0,0,0,0,2,0,2,0,0,6,0,0,0,0,0,0,0,0,0,0,0,0,0,0,0,0,0,3,0,0,0,0,2,1,0,0,1,0,2,0,0,0,0,0,0,0,0,0,0,0,0,1,1,0,2,0,0,0,0,0,0,0,0,0,0,0,0,0,0,0,0,1,0,1,0,0,2,0,2,4,0,0,0,0,0,0,0,0,1,0,0,0,0,0,0,0,0,0,0,0,0,0,0,0,0,0,0,0,0,0,2,1,0,0,0,0,0,0,0,0,0,0,0,0,1,0,0,0,15,0,0,0,0,0,0,0,0,0,18,1,3
CAF,0,0,0,0,0,0,1,0,0,1,1,0,0,2,0,2,0,0,0,0,0,0,0,0,0,1,0,0,0,0,0,0,1,0,0,2,4,1,0,0,0,0,0,0,0,0,0,1,0,0,0,0,0,0,0,0,0,0,0,0,0,6,0,0,2,0,0,0,0,0,0,0,0,0,0,0,0,0,0,1,0,0,0,0,0,0,0,0,1,0,0,0,0,1,0,1,0,0,0,0,0,0,0,0,0,0,0,0,0,0,0,0,0,1,0,0,0,0,0,0,0,0,0,0,0,0,1,0,0,0,0,2,0,1,0,0,0,0,0,0,0,0,0,0,0,0,0,0,0,0,1,0,0,0,0,0,0,0,0,0,0,0,0,0,0,1,0,0,0,0,0,0,0,0,0,0,0,0,0,0,1,0,0,6,0,0,0,1,1,0,0,0,0,0,0,0
CAN,0,0,0,0,1,9,89,8,0,701,164,1,0,349,8,3,5,22,0,0,0,7,0,4,1,279,1,0,0,4,0,0,444,53,587,1,3,2,0,0,14,0,14,12,0,4,104,1310,0,0,218,0,5,4,43,2,426,7,3,207,2,1271,0,0,1949,5,3,0,0,2,0,102,0,4,2,0,2,0,13,1,134,19,171,65,89,0,10,255,635,3,11,808,13,29,0,0,0,239,9,0,4,0,0,0,0,1,0,7,2,6,30,1,1,2,0,134,1,2,0,1,0,3,1,1,0,2,6,16,1,0,0,5,1,526,167,4,157,7,28,7,7,17,0,2,247,62,0,0,4,45,338,0,36,1,3,100,0,0,0,0,0,0,0,21,13,367,0,0,0,0,0,41,0,0,0,6,11,60,181,4,8,34,2,8106,5,1,0,28,8,0,0,0,13,113,2,7
CHE,0,0,0,0,0,2,38,25,0,299,360,1,0,397,4,9,3,48,0,0,2,9,0,0,4,85,0,0,0,4,1,444,0,17,176,17,12,3,1,1,19,0,4,4,0,27,111,2523,0,0,236,0,6,6,18,1,453,12,0,186,0,1502,0,4,1392,4,14,0,3,0,0,143,0,0,2,2,0,2,39,0,119,3,111,63,7,0,17,156,1082,1,1,428,0,18,1,1,0,111,1,2,2,0,0,0,0,1,0,7,11,6,9,1,1,1,0,50,0,2,3,1,0,2,0,0,0,0,4,3,2,1,0,8,1,483,86,1,43,3,5,6,7,8,0,4,265,97,1,0,0,53,435,0,3,2,7,18,1,0,1,0,1,0,1,45,69,333,0,5,0,2,1,22,0,1,0,0,7,41,107,21,9,40,1,2862,1,0,0,4,4,0,0,0,9,48,0,12
CHL,0,0,0,0,0,0,73,1,0,47,13,0,0,31,0,0,0,6,0,0,0,0,0,0,2,115,0,0,0,0,0,53,17,0,23,0,0,0,0,0,22,0,5,7,0,0,7,171,0,0,19,1,0,4,1,0,185,1,0,13,0,179,0,0,120,0,0,0,0,0,0,3,0,0,2,0,0,0,0,0,10,3,24,4,0,0,4,24,77,0,0,28,0,1,0,0,0,18,0,0,0,0,0,0,0,0,0,0,0,0,0,0,0,0,0,47,0,0,0,0,0,0,0,0,0,0,1,0,0,0,0,0,0,30,7,2,6,0,1,3,11,3,0,0,26,11,2,0,0,1,30,0,1,0,0,3,0,0,0,0,0,0,0,0,1,36,0,0,0,0,0,2,0,0,0,0,0,3,2,0,0,11,14,521,1,0,0,14,0,0,0,0,3,10,0,0
CHN,0,0,0,0,0,7,18,3,0,670,109,1,0,155,0,0,2,29,0,0,0,6,0,0,0,97,0,0,0,1,0,587,176,23,0,1,2,0,0,0,20,0,3,0,0,18,32,981,0,0,88,1,2,11,14,1,142,4,0,64,0,499,0,0,1031,3,0,0,0,1,0,45,1,0,0,0,0,1,5,0,41,9,150,26,3,0,6,82,255,0,3,1608,3,3,0,1,0,383,2,1,0,0,1,0,0,5,0,2,1,3,0,1,0,1,0,58,0,0,0,0,1,4,0,0,0,0,1,92,0,0,0,2,0,192,58,2,80,1,8,0,1,27,0,0,102,46,0,0,0,33,261,0,6,1,0,379,0,1,0,0,1,0,0,5,34,226,0,0,1,0,0,77,1,0,0,2,0,14,376,0,0,16,1,3521,7,0,0,6,12,0,0,1,10,30,1,0
CIV,0,0,0,0,0,0,0,0,0,0,0,0,1,7,3,7,0,0,0,0,0,0,0,0,0,0,0,0,0,0,2,1,17,0,1,0,8,1,1,0,0,0,0,0,0,0,0,6,0,0,0,0,1,0,0,0,0,0,0,0,0,48,0,1,6,0,0,0,0,0,0,0,0,0,0,1,0,0,0,0,1,0,0,0,0,0,0,0,2,0,0,2,0,2,0,1,0,0,0,0,0,0,0,0,0,0,0,0,0,0,2,0,0,2,0,0,0,0,0,0,0,0,0,0,0,0,0,0,0,1,0,2,0,4,0,2,0,0,1,0,0,1,0,0,0,0,0,0,0,1,0,0,0,0,9,0,0,0,0,0,0,0,0,0,0,0,0,0,0,0,1,1,0,0,0,0,1,0,0,0,0,0,0,22,0,0,0,0,1,0,0,0,0,2,0,0
CMR,0,0,0,0,0,0,0,0,0,2,2,0,0,17,7,4,0,0,0,0,0,0,0,0,1,2,0,0,0,4,4,3,12,0,2,8,0,1,1,0,0,0,0,0,0,0,1,19,0,0,1,0,1,0,0,0,1,0,0,1,0,63,0,2,33,0,1,0,1,0,0,0,0,0,1,4,0,0,0,0,0,1,2,0,1,0,0,0,2,0,0,0,0,5,0,1,0,1,0,0,1,0,0,0,0,0,0,0,0,0,1,0,0,2,0,0,0,0,0,0,0,0,0,1,0,0,1,0,0,1,0,14,0,4,0,0,1,0,3,1,1,0,0,0,0,0,0,0,0,0,0,1,0,0,9,0,0,0,0,0,0,0,0,0,0,5,0,0,0,1,0,1,0,0,0,0,1,0,0,3,2,0,0,24,0,0,0,2,1,0,0,0,0,8,0,1
COD,0,0,0,0,0,0,0,0,0,0,0,0,0,10,0,0,0,0,0,0,0,0,0,0,0,0,0,0,0,0,1,2,3,0,0,1,1,0,0,0,0,0,0,0,0,0,1,7,0,0,0,0,0,0,0,0,1,0,0,0,0,4,0,0,0,0,0,0,0,0,1,0,0,0,0,0,0,0,0,0,0,0,0,0,0,0,0,0,0,0,0,1,0,1,0,0,0,0,0,0,0,0,0,0,0,0,0,0,0,0,0,0,0,0,0,0,0,0,0,0,0,0,0,0,0,0,0,0,0,0,0,0,0,0,1,0,0,0,0,0,0,0,0,0,0,0,0,0,0,0,0,1,0,0,0,0,0,0,0,0,0,0,0,0,0,2,0,0,0,0,0,0,0,0,0,0,0,0,0,0,1,0,0,0,0,0,0,0,0,0,0,0,0,1,0,0
COG,0,0,0,0,0,0,0,0,0,0,0,0,0,1,1,1,0,0,0,0,0,0,0,0,0,0,0,0,0,0,0,0,1,0,0,1,1,0,0,0,0,0,0,0,0,0,0,0,0,0,0,0,0,0,0,0,1,0,0,0,0,9,0,1,4,0,0,1,0,0,0,0,0,0,0,0,0,0,0,0,0,0,0,0,0,0,0,0,1,0,0,1,0,0,0,0,0,0,0,0,0,0,0,0,0,0,0,0,0,0,0,0,0,0,0,2,0,0,1,0,0,0,0,0,0,0,0,1,0,0,1,1,0,0,0,0,0,0,0,0,0,0,0,0,0,0,0,0,0,0,0,0,0,0,0,0,0,0,0,0,0,0,0,0,0,0,0,0,0,0,0,0,0,0,0,0,0,0,0,0,1,0,0,2,0,0,0,0,0,0,0,0,0,0,0,0
COK,0,0,0,0,0,0,0,0,0,0,0,0,0,0,0,0,0,0,0,0,0,0,0,0,0,0,0,0,0,0,0,0,1,0,0,0,0,0,0,0,0,0,0,0,0,0,0,0,0,0,0,0,0,0,0,0,0,0,0,0,0,0,0,0,0,0,0,0,0,0,0,0,0,0,0,0,0,0,0,0,0,0,0,0,0,0,0,0,0,0,0,0,0,0,0,0,0,0,0,0,0,0,0,0,0,0,0,0,0,0,0,0,0,0,0,0,0,0,0,0,0,0,0,0,0,0,0,0,0,0,0,0,0,0,0,0,1,0,0,0,0,0,0,0,0,0,0,0,0,0,0,0,0,0,0,0,0,0,0,0,0,0,0,0,0,0,0,0,0,0,0,0,0,0,0,0,0,0,0,0,0,0,0,0,0,0,0,0,0,0,0,0,0,0,0,0
COL,0,0,0,0,0,0,25,0,0,10,8,0,0,6,0,0,0,0,0,0,0,0,0,0,3,55,0,0,0,0,0,14,19,22,20,0,0,0,0,0,0,0,7,6,0,0,11,46,0,0,3,0,1,17,0,0,80,0,0,3,0,55,0,0,88,0,0,0,0,0,0,1,0,0,1,0,0,0,0,0,2,0,18,0,0,0,1,8,10,0,0,9,0,2,0,0,0,22,0,0,0,0,0,0,0,0,0,0,0,0,0,0,0,0,0,41,0,0,0,0,0,0,0,0,0,0,2,1,0,0,0,4,0,30,3,0,1,0,1,5,8,4,0,0,14,2,0,0,0,0,20,0,1,0,0,4,0,0,1,0,0,0,0,0,1,5,0,0,0,0,0,6,0,0,0,0,0,1,1,0,1,3,3,183,0,0,0,18,2,0,0,0,0,5,0,2
COM,0,0,0,0,0,0,0,0,0,0,1,0,0,0,0,0,0,0,0,0,0,0,0,0,0,0,0,0,0,0,0,0,0,0,0,0,0,0,0,0,0,0,0,0,0,0,0,0,0,0,0,0,0,0,0,0,0,0,0,0,0,1,0,0,0,0,0,0,0,0,0,0,0,0,0,0,0,0,0,0,0,0,0,0,0,0,0,0,0,0,0,0,0,0,0,0,0,0,0,0,0,0,0,0,0,0,0,0,0,0,0,0,0,1,0,0,0,0,0,0,0,0,0,0,0,0,0,0,0,0,0,0,0,0,0,0,0,0,0,0,0,0,0,0,0,0,0,0,0,0,0,0,0,0,0,0,0,0,0,0,0,0,0,0,0,0,0,0,0,0,0,0,0,0,0,0,0,0,0,0,0,0,0,0,0,0,0,0,0,0,0,0,0,0,0,0
CRI,0,0,0,0,0,0,12,0,0,1,3,0,0,6,0,0,0,0,0,0,0,0,0,0,0,18,0,0,0,0,0,14,4,5,3,0,0,0,0,0,7,0,0,1,0,0,0,15,0,0,2,1,0,0,0,0,18,0,0,5,0,23,0,0,9,0,0,0,0,0,0,1,0,0,1,0,0,1,0,0,3,0,4,0,0,0,1,4,5,0,0,2,0,2,0,0,0,1,0,0,0,0,0,0,0,0,0,0,0,1,0,0,0,0,0,24,0,0,0,0,0,0,0,0,0,0,0,0,0,0,0,0,4,17,2,0,2,0,0,5,5,3,0,1,0,0,0,0,0,0,0,0,0,0,0,2,0,0,2,0,0,0,0,0,1,19,0,0,0,0,0,2,0,0,0,0,0,0,0,0,0,2,2,101,0,0,0,4,0,0,0,0,0,2,0,0
CUB,0,0,0,0,0,0,11,0,0,2,3,0,0,14,0,0,0,0,0,0,0,0,0,0,0,33,0,0,0,0,0,12,4,7,0,0,0,0,0,0,6,0,1,0,0,0,0,23,0,0,1,0,0,0,2,0,105,0,0,5,0,21,0,0,11,0,0,0,0,0,0,2,0,0,0,0,0,0,0,0,0,1,5,0,1,0,0,0,18,2,0,1,0,0,0,0,0,1,0,0,0,0,0,0,0,0,0,0,0,0,2,0,0,0,0,64,0,0,0,0,0,0,0,0,0,0,0,0,0,0,0,0,0,5,2,0,1,0,1,0,1,0,0,0,0,3,0,0,0,0,1,0,0,0,0,0,0,0,0,0,0,0,0,1,0,5,0,0,0,0,0,2,0,0,0,0,0,0,1,0,0,3,2,19,0,0,0,3,0,0,0,0,0,1,0,0
CYM,0,0,0,0,0,0,0,0,0,0,0,0,0,0,0,0,0,0,0,0,0,0,0,0,0,0,0,0,0,0,0,0,0,0,0,0,0,0,0,0,0,0,0,0,0,0,0,0,0,0,0,0,0,0,0,0,0,0,0,0,0,0,0,0,0,0,0,0,0,0,0,0,0,0,0,0,0,0,0,0,0,0,0,0,0,0,0,0,0,0,0,0,0,0,0,0,0,0,0,0,0,0,0,0,0,0,0,0,0,0,0,0,0,0,0,0,0,0,0,0,0,0,0,0,0,0,0,0,0,0,0,0,0,0,0,0,0,0,0,0,0,0,0,0,0,0,0,0,0,0,0,0,0,0,0,0,0,0,0,0,0,0,0,0,0,0,0,0,0,0,0,0,0,0,0,0,0,0,0,0,0,0,0,1,0,0,0,0,0,0,0,0,0,0,0,0
CYP,0,0,0,0,0,0,0,0,0,6,0,0,0,3,0,0,0,18,0,0,0,0,0,0,0,2,0,0,0,0,0,4,27,0,18,0,0,0,0,0,0,0,0,0,0,0,0,26,0,0,0,0,0,0,2,0,20,1,0,0,0,22,0,0,37,0,0,0,0,0,0,39,0,0,0,0,0,0,0,0,17,0,21,6,1,0,0,5,35,0,1,1,0,0,0,0,0,17,0,0,1,0,0,0,0,0,0,0,0,0,1,0,0,0,0,0,0,0,0,0,0,0,0,0,0,0,1,0,0,0,0,0,0,18,0,1,0,0,0,2,0,1,0,0,1,1,0,0,0,17,19,0,0,0,1,1,0,0,0,0,0,0,0,0,2,1,0,0,0,0,0,1,0,0,0,0,1,5,17,0,2,0,0,47,0,0,0,0,0,0,0,0,1,1,0,0
CZE,0,0,0,0,0,0,20,15,0,36,136,0,0,109,0,0,0,20,0,0,2,12,0,0,0,36,0,0,0,0,0,104,111,7,32,0,1,1,0,0,11,0,0,0,0,0,0,602,0,0,44,0,0,11,8,0,106,8,1,47,0,366,0,0,290,4,1,0,0,0,0,54,0,0,0,0,0,0,15,0,67,1,24,10,0,0,1,32,220,0,3,168,1,1,0,0,0,20,0,0,2,0,0,0,0,0,0,18,1,4,2,0,0,0,0,48,0,0,0,0,0,0,0,0,0,0,0,0,0,0,0,0,0,125,42,1,9,0,2,3,0,0,0,1,173,36,0,0,0,27,229,0,1,1,0,2,0,0,0,0,0,0,0,206,26,106,0,0,0,0,0,1,1,0,0,0,2,14,12,0,0,41,0,516,1,0,0,0,0,0,0,0,4,12,0,0
DEU,0,1,4,0,1,7,210,62,0,851,1473,12,0,1143,3,7,23,232,0,0,11,159,0,1,7,509,1,1,0,4,1,1310,2523,171,981,6,19,7,0,0,46,0,15,23,0,26,602,0,0,0,795,1,21,18,119,1,1423,74,16,606,0,3434,0,25,4476,50,18,0,4,0,0,447,0,0,3,4,0,0,119,1,552,37,552,176,33,1,31,752,2495,3,31,1590,24,28,9,2,0,330,5,1,3,0,2,1,3,3,0,52,26,64,41,2,36,5,0,214,0,8,3,2,0,5,0,1,0,1,1,25,5,0,2,34,0,2112,384,6,132,3,40,9,18,18,0,5,1138,287,4,5,0,259,2593,2,10,10,5,46,1,0,1,0,3,0,0,249,147,1235,0,0,7,0,2,41,1,0,0,0,20,185,174,8,6,428,15,9768,26,0,0,24,19,0,0,0,85,179,1,10
DJI,0,0,0,0,0,0,0,0,0,0,0,0,0,0,0,0,0,0,0,0,0,0,0,0,0,0,0,0,0,0,0,0,0,0,0,0,0,0,0,0,0,0,0,0,0,0,0,0,0,0,0,0,0,0,0,0,0,0,0,0,0,1,0,0,0,0,0,0,0,0,0,0,0,0,0,0,0,0,0,0,0,0,0,0,0,0,0,0,0,0,0,0,0,0,0,0,0,0,0,0,0,0,0,0,0,0,0,0,0,0,0,0,0,0,0,0,0,0,0,0,0,0,0,0,0,0,0,0,0,0,0,0,0,0,0,0,0,0,0,0,0,0,0,0,0,0,0,0,0,0,0,0,0,0,0,0,0,0,0,0,0,0,0,0,0,0,0,0,0,0,0,0,0,0,0,0,0,0,0,0,0,0,0,0,0,0,0,0,0,0,0,0,0,0,0,0
DMA,0,0,0,0,0,0,0,0,0,0,0,0,0,0,0,0,0,0,0,0,0,0,0,0,0,0,0,0,0,0,0,0,0,0,0,0,0,0,0,0,0,0,0,0,0,0,0,0,0,0,0,0,0,0,0,0,0,0,0,0,0,0,0,0,0,0,0,0,0,0,0,0,0,0,0,0,0,0,0,0,0,0,0,0,0,0,0,0,0,0,0,0,0,0,0,0,1,0,0,0,0,0,0,0,0,0,0,0,0,0,0,0,0,0,0,0,0,0,0,0,0,0,0,0,0,0,0,0,0,0,0,0,0,0,0,0,0,0,0,0,0,0,0,0,0,0,0,0,0,0,0,0,0,0,0,0,0,0,0,0,0,0,0,0,0,0,0,0,0,0,0,0,0,0,0,0,0,0,0,0,0,0,0,0,0,0,0,0,0,0,0,0,0,0,0,0
DNK,0,0,0,0,0,0,15,0,0,165,125,0,0,201,0,2,2,11,0,0,1,2,0,1,1,47,0,0,0,2,0,218,236,19,88,0,1,0,0,0,3,0,2,1,0,0,44,795,0,0,0,0,1,2,4,0,267,11,8,247,1,491,0,0,897,3,13,1,9,15,0,96,0,9,0,0,0,1,13,0,68,2,34,47,2,0,58,73,353,0,1,160,1,7,0,0,0,28,1,0,0,1,0,0,0,5,0,19,4,6,1,1,3,0,0,18,0,0,0,0,0,0,1,0,0,2,1,7,1,0,0,2,0,377,367,1,41,1,1,2,4,8,0,0,139,46,0,0,1,18,170,0,2,5,5,6,0,1,0,0,0,1,0,19,19,695,0,0,0,0,0,25,0,0,0,1,0,22,12,21,3,28,1,1382,1,0,0,3,3,0,0,0,9,37,3,12
DOM,0,0,0,0,1,0,0,0,0,0,0,0,0,0,0,0,0,0,0,1,0,0,1,0,0,3,1,0,0,0,0,0,0,1,1,0,0,0,0,0,0,0,1,0,0,0,0,1,0,0,0,0,0,0,0,0,1,0,0,1,0,0,0,0,2,0,0,0,0,0,0,0,0,0,0,0,0,0,0,3,0,0,1,0,0,0,0,1,0,1,0,1,0,0,0,0,1,0,0,0,0,0,0,0,0,0,0,0,0,0,0,0,0,0,0,1,0,0,0,0,0,0,0,0,0,0,0,0,0,0,0,0,0,2,0,0,0,0,0,1,1,0,0,0,0,0,0,0,0,0,0,0,0,0,0,0,0,0,0,0,0,0,0,0,0,0,0,0,0,0,0,0,0,0,0,3,0,0,0,0,0,0,0,12,0,0,1,2,0,0,0,0,0,0,0,0
DZA,0,0,0,0,0,1,0,0,0,2,1,0,0,10,0,0,1,2,0,0,0,0,0,0,0,0,0,0,0,0,0,5,6,0,2,1,1,0,0,0,1,0,0,0,0,0,0,21,0,0,1,0,0,0,2,0,12,1,0,3,0,231,0,0,12,0,0,0,0,0,0,8,0,0,0,1,0,0,1,1,1,0,3,0,1,0,0,0,13,0,1,3,0,0,0,1,0,1,0,0,1,0,0,0,0,0,0,0,0,0,9,1,0,1,0,1,0,0,0,0,0,0,0,0,0,0,0,0,0,1,0,0,0,2,1,0,1,1,0,0,0,0,0,0,6,2,0,0,0,2,3,0,4,0,1,0,0,0,0,0,0,0,0,0,0,2,0,0,0,0,0,0,0,0,0,0,5,2,0,0,0,1,0,14,0,0,0,0,1,0,0,0,1,1,0,0
ECU,0,0,0,0,0,0,12,0,0,3,2,0,0,4,0,1,0,0,0,0,0,0,0,0,5,17,0,0,0,0,0,4,6,4,11,0,0,0,0,0,17,0,0,0,0,0,11,18,0,0,2,0,0,0,0,0,8,0,0,3,0,27,0,0,28,0,1,0,0,0,0,1,0,0,0,0,0,0,0,0,0,0,12,0,0,0,0,0,3,0,0,4,0,0,0,0,0,11,0,0,0,0,0,0,0,0,0,0,0,0,0,0,0,0,0,15,0,0,0,0,0,0,0,0,0,0,0,0,0,0,0,0,0,16,0,0,0,0,0,2,9,0,0,0,10,0,0,0,0,0,11,0,0,0,0,0,0,0,0,0,0,0,0,0,0,4,0,0,0,0,0,0,0,0,0,1,0,0,0,0,0,0,2,53,0,0,0,2,0,0,0,0,0,0,0,0
EGY,0,0,0,0,0,22,3,0,0,8,13,0,0,13,0,0,0,2,1,0,0,1,0,0,0,7,0,0,0,0,0,43,18,1,14,0,0,0,0,0,0,0,0,2,0,2,8,119,0,0,4,0,2,0,0,0,26,0,1,1,0,18,0,0,85,0,4,0,0,0,0,10,0,0,0,0,0,0,2,0,7,3,11,4,0,0,0,11,38,0,1,82,2,3,0,0,0,7,22,0,3,0,1,0,0,0,0,0,0,0,3,0,0,0,0,3,0,0,1,0,0,0,0,0,0,0,1,0,0,0,0,2,0,18,4,0,1,3,1,0,1,0,0,0,10,3,0,0,3,2,11,0,71,2,0,3,0,0,0,0,0,0,0,2,0,7,0,0,6,0,0,3,0,0,0,0,3,4,5,1,1,1,0,270,0,0,0,0,0,0,0,1,2,4,0,1
ERI,0,0,0,0,0,0,0,0,0,1,0,0,0,0,0,0,0,0,0,0,0,0,0,0,0,0,0,0,0,0,0,2,1,0,1,0,0,0,0,0,0,0,0,0,0,0,0,1,0,0,0,0,0,0,0,0,0,0,1,0,0,4,0,0,5,0,0,0,0,0,0,0,0,0,0,0,0,0,0,0,0,0,3,0,0,0,0,1,2,0,0,0,0,1,0,0,0,0,0,0,0,0,0,0,0,0,0,0,0,0,0,0,0,0,0,0,0,0,0,0,0,0,0,0,0,0,0,0,0,0,1,0,0,3,2,0,0,0,0,0,0,0,0,0,0,0,0,0,0,0,0,0,0,0,0,0,0,0,0,0,0,0,0,0,0,1,0,0,0,1,0,0,0,0,0,0,0,0,0,0,0,0,0,4,0,0,0,0,0,0,0,0,0,2,0,0
ESP,0,0,1,2,0,4,341,13,0,172,207,0,0,443,0,1,1,67,0,0,0,10,0,0,8,269,1,0,0,0,0,426,453,185,142,0,1,1,1,0,80,0,18,105,0,20,106,1423,0,0,267,1,12,8,26,0,0,6,0,188,0,1749,0,1,1831,8,0,0,0,0,1,182,0,0,0,0,0,1,21,0,109,3,76,81,5,2,10,141,1299,0,1,304,15,4,0,0,0,84,2,0,2,0,0,0,0,0,0,6,6,6,63,3,8,1,0,317,0,1,1,2,0,0,3,1,0,0,0,2,0,1,0,3,1,586,117,0,36,1,3,6,18,9,0,0,216,315,1,0,0,87,326,0,8,0,4,7,0,0,3,0,1,0,0,43,27,377,0,0,0,2,1,14,0,0,0,0,4,44,55,5,1,63,32,2592,4,0,0,83,2,0,0,0,24,38,0,1
EST,0,0,0,0,0,0,1,0,0,4,2,0,0,7,0,0,0,4,0,0,0,1,0,0,0,1,0,0,0,0,0,7,12,1,4,0,0,0,0,0,0,0,0,0,0,1,8,74,0,0,11,0,1,0,0,0,6,0,0,66,0,25,0,0,26,0,0,0,0,0,0,2,0,0,0,0,0,0,3,0,4,0,0,3,0,0,1,2,19,0,0,13,1,0,0,0,0,1,1,0,0,0,0,0,0,0,0,8,0,8,1,1,0,0,0,3,0,0,0,0,0,0,0,0,0,0,0,0,0,0,0,0,0,18,17,0,2,0,0,0,0,0,0,0,17,3,0,0,0,1,33,0,0,0,0,0,0,0,0,0,0,0,0,1,2,92,0,0,0,0,0,0,1,0,0,0,0,0,0,0,0,5,0,51,0,0,0,1,0,0,0,0,1,0,0,0
ETH,0,0,0,0,0,0,0,0,0,4,4,0,0,9,0,1,0,0,0,0,1,0,0,0,0,1,0,0,0,0,0,3,0,0,0,0,0,0,0,0,0,0,0,0,0,0,1,16,0,0,8,0,0,0,1,1,0,0,0,0,0,6,0,0,19,0,0,0,0,0,0,0,0,0,0,0,0,0,0,0,1,0,5,1,1,0,0,1,9,0,0,3,0,11,0,0,0,0,1,0,0,0,0,0,0,0,0,0,0,0,0,0,0,0,0,0,0,0,1,0,0,0,0,0,0,0,0,0,0,0,2,1,0,17,15,0,1,0,0,0,0,2,0,0,0,0,0,0,0,0,0,0,0,1,0,0,0,0,0,0,0,0,0,0,0,31,0,0,0,1,0,0,0,0,0,0,0,0,0,0,1,0,0,28,0,0,0,0,0,0,0,0,0,4,1,2
FIN,0,0,0,0,0,1,8,5,0,100,104,1,0,141,0,0,1,14,0,0,0,6,0,0,2,32,0,1,0,2,0,207,186,13,64,0,1,0,0,0,3,0,5,5,0,0,47,606,0,0,247,1,3,3,1,0,188,66,0,0,0,309,0,0,654,4,1,0,0,0,0,45,0,0,0,0,0,0,7,0,83,1,27,58,3,1,28,61,269,0,8,126,2,2,0,0,0,20,12,0,0,0,0,0,0,0,0,24,5,9,1,1,7,0,0,6,0,0,0,1,0,1,0,0,0,1,2,5,0,0,0,3,0,300,223,0,18,2,0,0,1,1,0,0,90,53,0,0,0,25,270,0,0,1,0,3,0,0,1,0,0,0,0,35,20,705,0,1,0,0,0,5,1,0,0,1,1,26,10,3,0,22,0,1064,1,0,0,1,1,0,0,0,7,19,0,4
FJI,0,0,0,0,0,0,0,0,0,4,0,0,0,1,0,0,0,0,0,0,0,0,0,0,0,1,0,0,0,0,0,2,0,0,0,0,0,0,0,0,0,0,0,0,0,0,0,0,0,0,1,0,0,0,0,0,0,0,0,0,0,0,1,0,5,0,0,0,0,0,0,0,0,0,0,0,0,0,0,0,0,0,1,0,0,0,0,0,0,0,0,2,0,0,0,0,0,1,0,0,0,0,0,0,0,0,0,0,0,0,0,0,0,0,0,0,0,0,0,0,0,0,0,0,0,0,0,0,0,0,0,1,0,0,0,0,2,0,0,0,0,0,0,1,0,0,0,0,0,0,0,0,1,0,0,0,0,0,0,0,0,0,0,0,0,0,0,0,0,0,0,0,0,0,0,0,0,0,0,0,0,0,0,9,0,0,0,0,0,1,1,0,0,0,0,0
FRA,0,2,1,0,1,8,212,63,0,553,436,2,2,1477,16,25,5,145,1,1,2,39,2,3,23,625,0,0,0,2,6,1271,1502,179,499,48,63,4,9,0,55,1,23,21,0,22,366,3434,1,0,491,0,231,27,18,4,1749,25,6,309,0,0,0,28,3427,10,9,7,4,1,0,376,1,0,2,26,1,0,68,2,297,28,285,136,28,0,28,383,2485,1,6,933,9,12,4,3,1,147,5,4,82,2,0,1,0,0,0,42,34,16,403,18,11,24,0,245,0,2,20,3,2,3,2,7,0,4,2,9,0,19,10,5,2,1241,291,2,94,7,12,6,21,16,0,1,761,384,3,3,1,289,1166,2,17,7,72,52,0,0,1,0,0,0,3,100,63,786,0,0,11,8,8,41,1,0,0,5,302,117,81,2,5,145,28,5840,5,0,0,73,58,0,0,1,33,135,2,5
FSM,0,0,0,0,0,0,0,0,0,0,0,0,0,0,0,0,0,0,0,0,0,0,0,0,0,0,0,0,0,0,0,0,0,0,0,0,0,0,0,0,0,0,0,0,0,0,0,0,0,0,0,0,0,0,0,0,0,0,0,0,1,0,0,0,0,0,0,0,0,0,0,0,0,0,0,0,0,0,0,0,0,0,0,0,0,0,0,0,0,0,0,0,0,0,0,0,0,0,0,0,0,0,0,0,0,0,0,0,0,0,0,0,0,0,0,0,0,0,0,0,0,0,0,0,0,0,0,0,0,0,0,0,0,0,0,0,0,0,0,0,0,0,0,0,0,0,0,0,0,0,0,0,0,0,0,0,0,0,0,0,0,0,0,0,0,0,0,0,0,0,0,0,0,0,0,0,0,0,0,0,0,0,0,1,0,0,0,0,0,0,0,0,0,0,0,0
GAB,0,0,0,0,0,0,0,0,0,0,2,0,0,0,1,0,0,0,0,0,0,0,0,0,0,0,0,0,0,0,0,0,4,0,0,1,2,0,1,0,0,0,0,0,0,0,0,25,0,0,0,0,0,0,0,0,1,0,0,0,0,28,0,0,17,0,1,0,0,0,0,0,0,0,0,0,0,0,0,0,0,0,0,0,0,0,0,0,0,0,0,0,0,2,0,0,0,0,0,0,0,0,0,0,0,0,0,0,0,0,0,0,0,1,0,0,0,0,0,0,0,0,0,0,0,0,0,1,0,0,0,0,0,3,0,0,0,0,0,0,0,0,0,0,0,1,0,0,0,0,0,0,0,0,3,0,0,0,0,0,0,1,0,0,0,0,0,0,0,0,0,0,0,0,0,0,1,0,0,0,0,0,0,8,0,0,0,0,0,0,0,0,0,0,0,0
GBR,1,2,2,0,3,42,159,33,0,1842,518,8,0,1139,9,8,45,110,5,2,6,33,3,11,7,556,4,1,1,6,2,1949,1392,120,1031,6,33,0,4,0,88,0,9,11,0,37,290,4476,0,0,897,2,12,28,85,5,1831,26,19,654,5,3427,0,17,8518,16,28,4,52,6,0,617,1,1,8,4,1,3,47,2,309,38,435,716,115,0,62,457,2750,13,33,1559,34,143,2,2,1,305,29,1,24,1,6,0,4,40,1,37,14,14,17,1,7,6,1,266,0,9,2,14,0,6,3,0,3,12,46,77,5,3,0,51,2,2219,600,13,446,31,65,18,24,25,0,7,594,507,1,1,6,117,1024,0,57,11,11,226,0,2,2,0,1,1,3,136,79,1443,1,2,7,2,1,149,1,0,0,24,15,322,169,62,46,122,20,9727,8,1,1,45,45,1,0,3,56,418,30,23
GEO,0,0,0,0,0,0,1,2,0,1,8,0,0,9,0,0,1,2,0,0,0,0,0,0,0,2,0,0,0,0,0,5,4,0,3,0,0,0,0,0,0,0,0,0,0,0,4,50,0,0,3,0,0,0,0,0,8,0,0,4,0,10,0,0,16,0,0,0,0,0,0,5,0,0,0,0,0,0,1,0,2,0,2,1,2,0,0,6,22,0,0,12,0,0,0,0,0,0,0,0,0,0,0,0,0,0,0,0,0,0,0,0,0,0,0,3,0,0,0,0,0,1,0,0,0,0,0,0,0,0,0,0,0,1,0,1,0,0,0,0,0,0,0,0,9,5,0,0,0,1,37,0,0,0,0,0,0,0,0,0,0,0,0,1,3,9,0,0,0,0,0,0,0,0,0,0,0,1,0,0,0,2,0,48,1,0,0,0,1,0,0,0,0,0,0,0
GHA,0,0,0,0,0,0,0,0,0,2,1,0,0,1,2,5,0,0,0,0,0,0,0,0,0,0,0,0,0,0,0,3,14,0,0,0,1,0,0,0,0,0,0,0,0,0,1,18,0,0,13,0,0,1,4,0,0,0,0,1,0,9,0,1,28,0,0,0,0,0,0,0,0,0,0,0,0,0,0,0,0,0,2,0,0,0,0,1,0,0,0,10,0,2,0,0,0,0,0,0,0,0,0,0,0,0,0,0,0,0,0,0,0,0,0,0,0,0,1,0,0,0,0,0,0,0,1,0,0,0,0,11,0,10,1,0,0,0,0,0,0,0,0,0,1,0,0,0,0,0,0,0,1,0,2,0,0,0,0,0,0,0,0,0,0,3,0,0,0,0,1,1,0,0,0,0,0,0,1,4,2,0,0,38,0,0,0,0,0,0,0,0,0,2,0,1
GIN,0,0,0,0,0,0,0,0,0,0,0,0,0,1,0,1,0,0,0,0,0,0,0,0,0,1,0,0,0,0,0,0,0,0,0,0,0,0,1,0,0,0,0,0,0,0,0,0,0,0,1,0,0,0,0,0,0,0,0,0,0,7,0,0,4,0,0,0,3,2,0,0,0,0,0,0,0,0,0,0,0,0,0,0,0,0,0,0,2,0,0,0,0,0,0,0,0,0,0,0,0,0,0,0,0,0,0,0,0,0,0,0,0,0,0,0,0,0,1,0,0,0,0,0,0,0,0,0,0,0,1,0,0,0,0,0,0,0,0,0,0,0,0,0,0,0,0,0,0,1,0,0,0,0,3,0,0,0,0,0,0,0,0,0,0,0,0,0,0,0,0,0,0,0,0,0,0,0,0,0,0,0,0,1,0,0,0,0,0,0,0,0,0,1,0,0
GMB,0,0,0,0,0,0,0,0,0,0,0,0,0,4,0,1,1,0,0,0,0,0,0,0,0,0,0,0,0,0,0,0,3,0,0,0,1,0,0,0,0,0,0,0,0,0,0,4,0,0,9,0,0,0,0,0,0,0,0,0,0,4,0,0,52,0,0,3,0,4,0,0,0,0,0,0,0,0,0,0,0,0,0,0,0,0,0,0,3,0,0,1,0,1,0,0,0,1,0,0,0,0,0,0,0,0,0,0,0,0,0,0,0,0,0,0,0,0,0,0,0,0,0,0,0,0,0,0,0,0,0,1,0,1,0,0,0,0,0,0,0,0,0,0,0,0,0,0,0,0,0,0,0,0,6,0,0,0,0,0,0,0,0,0,0,3,0,0,0,0,0,0,0,0,0,0,0,0,0,0,0,0,0,7,0,0,0,0,0,0,0,0,0,1,0,0
GNB,0,0,0,0,0,0,0,0,0,0,0,0,0,0,0,0,0,0,0,0,0,0,0,0,0,1,0,0,0,0,0,2,0,0,1,0,0,0,0,0,0,0,0,0,0,0,0,0,0,0,15,0,0,0,0,0,0,0,0,0,0,1,0,0,6,0,0,2,4,0,0,0,0,0,0,0,0,0,0,0,0,0,1,0,0,0,0,0,3,0,0,2,0,0,0,0,0,0,0,0,0,0,0,0,0,0,0,0,0,0,0,0,0,0,0,0,0,0,0,0,0,0,0,0,0,0,0,0,0,0,0,0,0,0,3,0,0,0,0,0,0,0,0,0,0,1,0,0,0,0,0,0,0,0,2,1,0,0,0,0,0,0,0,0,0,7,0,0,0,0,0,0,0,0,0,0,0,0,0,0,0,0,0,1,0,0,0,0,0,0,0,0,0,0,1,0
GNQ,0,0,0,0,0,0,0,0,0,0,0,0,0,1,0,0,0,0,0,0,0,0,0,0,0,0,0,0,0,0,0,0,0,0,0,0,0,1,0,0,0,0,0,0,0,0,0,0,0,0,0,0,0,0,0,0,1,0,0,0,0,0,0,0,0,0,0,0,0,0,0,0,0,0,0,0,0,0,0,0,0,0,0,0,0,0,0,0,1,0,0,0,0,0,0,0,0,0,0,0,0,0,0,0,0,0,0,0,0,0,0,0,0,0,0,0,0,0,0,0,0,0,0,0,0,0,0,0,0,0,0,0,0,0,0,0,0,0,0,0,0,0,0,0,0,1,0,0,0,0,0,0,0,0,0,0,0,0,0,0,0,0,0,0,0,0,0,0,0,0,0,0,0,0,0,0,0,0,0,0,1,0,0,0,0,0,0,0,0,0,0,0,0,0,0,0
GRC,0,0,6,0,0,3,5,15,0,44,67,0,0,128,0,1,1,43,0,0,2,6,0,0,0,19,0,0,0,0,0,102,143,3,45,0,0,0,0,0,1,0,1,2,0,39,54,447,0,0,96,0,8,1,10,0,182,2,0,45,0,376,0,0,617,5,0,0,0,0,0,0,0,0,1,0,0,0,18,0,41,2,10,18,1,0,5,54,321,0,1,80,4,2,0,0,0,10,2,0,3,0,0,0,0,0,0,8,2,3,2,0,2,0,0,20,0,3,0,0,0,0,0,0,0,0,0,0,0,0,0,0,0,145,50,0,6,2,0,0,0,1,0,0,75,46,0,0,0,34,146,0,0,0,0,9,0,0,0,0,0,0,0,31,28,121,0,0,1,0,0,4,0,0,0,1,1,13,14,0,0,29,1,683,2,0,0,1,1,0,0,0,20,9,0,0
GRD,0,0,0,0,0,0,0,0,0,0,0,0,0,0,0,0,0,0,0,0,0,0,0,0,0,0,0,0,0,0,0,0,0,0,1,0,0,0,0,0,0,0,0,0,0,0,0,0,0,0,0,0,0,0,0,0,0,0,0,0,0,1,0,0,1,0,0,0,0,0,0,0,0,0,0,0,0,0,0,0,0,0,0,0,0,0,0,0,0,0,0,0,0,0,0,0,0,0,0,0,0,0,0,0,0,0,0,0,0,0,0,0,0,0,0,0,0,0,0,0,0,0,0,0,0,0,0,0,0,0,0,0,0,0,0,0,0,0,0,0,0,0,0,0,0,0,0,0,0,0,0,0,0,0,0,0,0,0,0,0,0,0,0,0,0,0,0,0,0,0,0,0,0,0,0,0,0,0,0,0,0,0,0,1,0,0,0,0,0,0,0,0,0,0,0,0
GRL,0,0,0,0,0,0,0,0,0,2,0,0,0,0,0,0,0,0,0,0,0,0,0,0,0,1,0,0,0,0,0,4,0,0,0,0,0,0,0,0,0,0,0,0,0,0,0,0,0,0,9,0,0,0,0,0,0,0,0,0,0,0,0,0,1,0,0,0,0,0,0,0,0,0,0,0,0,0,0,0,0,0,0,0,0,0,0,0,0,0,0,1,0,0,0,0,0,0,0,0,0,0,0,0,0,0,0,0,0,0,0,0,0,0,0,0,0,0,0,0,0,0,0,0,0,0,0,1,0,0,0,1,0,0,1,0,0,0,0,0,0,0,0,0,0,0,0,0,0,0,0,0,0,0,0,0,0,0,0,0,0,0,0,0,0,2,0,0,0,0,0,0,0,0,0,0,0,0,0,0,0,0,0,1,0,0,0,0,0,0,0,0,0,0,0,0
GTM,0,0,0,0,0,0,1,0,0,1,1,0,0,0,0,1,1,0,0,0,0,0,0,0,0,2,0,0,0,0,0,2,2,2,0,0,1,0,0,0,1,0,1,0,0,0,0,3,0,0,0,0,0,0,0,0,0,0,0,0,0,2,0,0,8,0,0,0,0,0,0,1,0,0,0,0,0,3,0,0,0,2,1,0,0,0,0,1,3,0,0,0,0,1,0,0,0,0,0,0,1,0,0,0,0,0,0,0,0,0,0,0,0,0,0,12,0,0,0,0,0,0,0,0,0,0,0,0,0,0,0,0,3,1,0,0,0,0,0,1,3,1,0,0,1,0,0,0,0,0,0,0,0,0,0,0,0,0,0,0,0,0,0,0,0,1,0,0,0,0,0,1,0,0,0,0,0,0,0,0,0,0,1,43,0,0,0,1,0,0,0,0,0,0,0,0
GUF,0,0,0,0,0,0,0,0,0,0,1,0,0,1,0,0,0,0,0,0,0,0,0,0,1,1,0,0,0,0,0,0,2,0,0,1,4,0,0,0,0,0,0,0,0,0,0,4,0,0,0,0,1,0,0,0,0,0,0,0,0,26,0,0,4,0,0,0,0,0,0,0,0,0,0,0,0,0,0,0,0,0,1,0,0,0,0,0,0,0,0,2,0,0,0,1,0,0,0,0,0,0,0,0,0,0,0,0,0,0,1,0,0,1,0,0,0,0,0,0,0,0,0,0,0,0,0,0,0,1,0,0,0,1,0,0,0,0,0,0,0,0,0,0,0,0,0,0,0,0,0,0,0,0,1,0,0,0,0,0,0,0,0,0,0,0,0,0,0,0,0,0,0,0,0,0,1,0,0,0,0,0,0,3,0,0,0,0,1,0,0,0,0,0,0,0
GUY,0,0,0,0,0,0,0,0,0,1,0,0,0,0,0,0,0,0,0,0,0,0,0,0,0,0,0,0,0,0,0,2,0,0,0,0,0,0,0,0,0,0,0,0,0,0,0,0,0,0,0,0,0,0,0,0,0,0,0,0,0,1,0,0,1,0,0,0,0,0,0,0,0,0,0,0,0,0,0,0,0,0,0,0,0,0,0,0,0,0,0,0,0,0,0,0,0,0,0,0,0,0,0,0,0,0,0,0,0,0,0,0,0,0,0,0,0,0,0,0,0,0,0,0,0,0,0,0,0,0,0,0,0,1,0,0,0,0,0,0,0,0,0,0,0,0,0,0,0,0,0,0,0,0,0,0,0,0,0,0,0,0,0,0,0,0,0,0,0,0,0,0,0,0,0,1,0,0,0,0,0,0,0,3,0,0,0,0,0,0,0,0,0,0,0,0
HND,0,0,0,0,0,0,1,0,0,0,0,0,0,0,0,1,0,0,0,0,0,0,0,0,1,1,0,0,0,0,0,0,2,0,1,0,0,0,0,0,0,0,1,0,0,0,0,0,0,0,1,0,0,0,0,0,1,0,0,0,0,0,0,0,3,0,0,0,0,0,0,0,0,0,3,0,0,0,0,0,0,1,1,0,0,0,0,0,1,1,0,4,0,0,0,0,0,0,0,0,0,0,0,0,0,0,0,0,0,0,0,0,0,0,0,7,0,0,0,0,0,0,0,0,0,0,0,0,0,0,0,0,0,2,0,0,0,0,0,0,0,0,0,0,0,0,0,0,0,0,0,0,1,0,0,0,0,0,0,0,0,0,0,0,0,2,0,0,0,0,0,0,0,0,0,0,0,0,0,0,0,0,1,18,0,0,0,1,0,0,0,0,0,0,0,0
HRV,0,0,0,0,0,0,4,0,0,12,42,0,0,17,0,0,0,12,0,0,14,0,0,0,0,6,0,0,0,0,0,13,39,0,5,0,0,0,0,0,0,0,0,0,0,0,15,119,0,0,13,0,1,0,2,0,21,3,0,7,0,68,0,0,47,1,0,0,0,0,0,18,0,0,0,0,0,0,0,0,32,0,3,2,0,0,1,13,61,0,0,17,0,0,0,0,0,2,0,0,1,0,0,0,0,0,0,4,1,2,0,0,0,0,0,1,0,3,0,0,0,0,0,0,0,0,0,0,0,0,0,0,0,23,4,0,2,0,0,0,0,0,0,0,19,6,0,0,0,9,22,0,0,0,0,4,0,0,0,0,0,0,0,15,75,13,0,0,0,0,0,0,0,0,0,0,0,4,0,0,0,7,0,127,0,0,0,0,1,0,0,0,5,3,0,0
HTI,0,0,0,0,1,0,1,0,0,1,1,0,0,0,0,0,0,0,0,1,0,0,1,0,0,1,1,0,0,0,1,1,0,0,0,0,0,0,0,0,0,0,0,0,0,0,0,1,0,0,0,3,1,0,0,0,0,0,0,0,0,2,0,0,2,0,0,0,0,0,0,0,0,0,0,0,0,0,0,0,0,0,0,0,0,0,0,0,1,1,0,1,0,0,0,0,1,0,0,0,0,0,0,0,0,0,0,0,0,0,1,0,0,1,0,0,0,0,0,0,0,0,0,0,0,0,0,0,0,0,0,0,0,3,0,0,0,0,0,0,1,0,0,0,0,0,0,0,0,0,1,0,1,0,0,0,0,0,0,0,0,0,0,0,0,1,0,0,0,0,0,0,0,0,0,3,0,0,0,0,0,0,0,15,0,0,1,2,1,0,0,0,0,0,0,0
HUN,0,0,1,0,0,2,21,1,0,46,122,0,0,165,0,0,0,42,0,0,1,2,0,0,0,31,0,0,0,0,0,134,119,10,41,1,0,0,0,0,2,0,3,0,0,17,67,552,0,0,68,0,1,0,7,0,109,4,1,83,0,297,0,0,309,2,0,0,0,0,0,41,0,0,0,0,0,0,32,0,0,0,48,21,5,0,1,57,220,0,0,148,0,0,0,0,0,29,0,0,0,0,0,0,0,0,0,4,1,3,1,0,2,0,0,15,0,1,0,0,0,2,0,0,0,0,0,1,0,0,0,2,0,125,20,0,4,0,2,0,0,3,0,0,99,44,0,0,0,68,108,0,2,0,1,3,0,0,0,0,0,0,0,31,20,119,0,0,2,0,0,3,0,0,0,0,0,16,27,0,0,19,0,716,0,0,0,4,0,0,0,0,16,12,0,0
IDN,0,0,0,0,0,0,1,0,0,81,4,0,0,5,0,1,5,0,0,0,0,1,0,0,0,6,0,1,0,0,0,19,3,3,9,0,1,0,0,0,0,0,0,1,0,0,1,37,0,0,2,0,0,0,3,0,3,0,0,1,0,28,0,0,38,0,0,0,0,0,0,2,0,0,2,0,0,1,0,0,0,0,10,1,0,0,1,1,7,0,0,98,0,3,0,1,0,5,0,1,0,0,0,0,0,1,0,0,0,0,0,0,0,0,0,0,0,0,0,0,2,0,0,0,0,0,0,21,0,0,0,1,0,55,0,1,1,0,1,1,3,7,0,3,3,0,0,0,0,0,0,0,1,0,0,15,0,0,0,0,0,0,0,1,0,7,0,0,1,0,0,18,0,0,0,0,0,1,4,0,0,0,0,86,0,0,0,1,12,1,0,0,0,1,0,1
IND,0,0,0,0,0,4,25,0,0,134,54,0,0,49,0,1,35,25,0,0,0,3,0,0,0,78,1,1,3,3,0,171,111,24,150,0,2,0,0,0,18,0,4,5,0,21,24,552,0,0,34,1,3,12,11,3,76,0,5,27,1,285,0,0,435,2,2,0,0,1,0,10,0,0,1,1,0,1,3,0,48,10,0,20,15,0,2,40,155,1,1,403,0,9,0,0,0,167,5,1,1,0,1,0,0,9,0,1,0,0,5,0,0,1,0,49,0,2,2,0,0,1,0,1,0,5,1,48,0,0,0,6,0,112,19,15,14,5,8,0,2,21,0,0,85,11,0,0,0,23,112,0,12,2,3,53,0,0,0,0,0,0,0,5,35,77,0,0,4,0,0,20,0,0,0,2,5,7,147,1,2,11,1,1267,4,0,0,2,9,0,0,6,2,21,1,2
IRL,0,0,1,0,0,3,4,0,0,55,20,0,0,81,0,0,1,13,0,0,0,0,0,0,0,7,0,0,0,0,0,65,63,4,26,0,0,0,0,0,0,0,0,0,0,6,10,176,0,0,47,0,0,0,4,0,81,3,1,58,0,136,0,0,716,1,0,0,0,0,0,18,0,0,0,0,0,0,2,0,21,1,20,0,2,0,8,16,115,0,1,50,1,4,0,0,0,15,0,0,0,0,3,0,0,0,0,2,1,1,0,0,0,0,0,6,0,1,0,1,0,0,0,0,0,2,0,4,0,0,0,0,0,117,16,0,17,0,2,1,0,2,0,0,24,28,0,0,0,17,39,0,3,1,0,18,0,0,0,0,0,0,0,8,2,78,0,0,0,0,0,0,0,0,0,0,0,9,6,0,0,2,5,380,1,0,0,1,0,0,0,0,1,4,0,1
IRN,0,0,0,0,0,2,1,0,0,59,10,3,0,7,0,0,0,0,0,0,0,0,0,0,0,3,0,0,0,0,0,89,7,0,3,0,1,0,0,0,0,0,0,1,0,1,0,33,0,0,2,0,1,0,0,0,5,0,1,3,0,28,0,0,115,2,0,0,0,0,0,1,0,0,0,0,0,0,0,0,5,0,15,2,0,0,0,0,33,0,0,24,1,0,0,0,0,2,0,0,0,0,1,0,0,0,0,0,0,0,0,0,0,0,0,1,0,0,0,0,0,0,0,0,0,0,0,10,0,0,0,1,0,13,0,0,3,0,3,0,0,3,0,0,4,0,0,0,3,1,11,0,1,0,0,1,0,0,0,0,0,0,0,1,0,8,0,0,2,0,0,0,1,0,0,0,0,3,11,0,0,2,0,125,1,0,0,0,0,0,0,0,0,3,0,0
IRQ,0,0,0,0,0,2,0,0,0,0,1,0,0,0,0,0,0,0,0,0,0,0,0,0,0,0,0,0,0,0,0,0,0,0,0,0,0,0,0,0,0,0,0,0,0,0,0,1,0,0,0,0,0,0,0,0,2,0,0,1,0,0,0,0,0,0,0,0,0,0,0,0,0,0,0,0,0,0,0,0,0,0,0,0,0,0,0,0,0,0,3,1,0,0,0,1,0,0,0,0,0,0,1,0,0,0,0,0,0,0,0,0,0,0,0,0,0,0,0,0,0,0,0,0,0,0,0,0,0,0,0,0,0,0,1,0,0,0,0,0,0,0,0,0,0,0,0,0,0,0,0,0,0,0,0,0,0,0,0,0,0,0,0,1,0,0,0,0,0,0,0,0,0,0,0,0,0,0,0,0,0,0,0,2,0,0,0,0,0,0,0,0,0,0,0,0
ISL,0,0,0,0,0,0,1,0,0,11,6,0,0,8,0,0,0,0,0,0,0,0,0,1,0,1,0,0,0,0,0,10,17,4,6,0,0,0,0,0,1,0,1,0,0,0,1,31,0,0,58,0,0,0,0,0,10,1,0,28,0,28,0,0,62,0,0,0,0,0,0,5,0,0,0,0,0,0,1,0,1,1,2,8,0,0,0,1,12,0,0,19,0,2,0,0,0,1,0,1,0,0,0,0,0,0,0,1,0,0,0,0,0,0,0,3,0,0,0,1,0,0,0,0,0,0,0,0,0,0,0,0,0,21,33,0,4,0,1,0,0,3,0,0,3,6,0,0,0,0,5,0,0,0,0,2,0,0,0,0,0,0,0,1,1,57,0,0,0,0,0,1,0,0,0,0,0,1,0,0,0,0,0,73,0,0,0,0,0,0,0,0,1,0,0,0
ISR,0,0,0,0,0,1,16,1,0,99,47,0,0,105,0,0,2,14,0,0,0,5,0,0,1,53,0,0,0,2,0,255,156,24,82,0,0,0,0,0,8,0,4,0,0,5,32,752,0,0,73,1,0,0,11,1,141,2,1,61,0,383,0,0,457,6,1,0,0,0,0,54,0,0,1,0,0,0,13,0,57,1,40,16,0,0,1,0,282,0,9,181,19,7,1,0,0,46,2,0,1,0,0,0,0,0,0,6,3,4,1,0,3,0,0,38,0,0,0,1,0,0,0,0,0,0,0,0,0,0,0,2,0,162,40,2,13,0,0,0,2,3,0,0,99,20,0,8,0,12,203,0,4,0,0,12,0,0,0,0,0,0,0,15,14,103,0,0,0,0,0,7,0,1,0,0,1,56,24,0,0,54,5,2348,4,0,0,5,0,0,0,0,8,40,0,3
ITA,0,1,15,0,1,6,125,42,0,368,422,2,0,640,3,11,4,113,0,0,4,21,1,0,5,313,2,0,0,1,1,635,1082,77,255,2,2,0,1,0,10,0,5,18,0,35,220,2495,0,0,353,0,13,3,38,2,1299,19,9,269,0,2485,0,0,2750,22,0,2,3,3,1,321,0,0,3,0,0,1,61,1,220,7,155,115,33,0,12,282,0,0,6,582,15,11,1,0,0,135,0,0,10,0,1,0,0,3,0,18,12,5,38,4,9,5,0,111,0,4,3,4,0,0,1,0,0,1,1,6,1,6,0,18,2,1004,188,1,48,1,18,0,8,9,0,0,432,205,0,0,0,151,756,0,9,1,5,11,0,0,0,0,0,0,0,87,74,597,0,0,2,0,0,12,0,0,0,1,17,105,69,7,4,80,9,4820,6,0,0,29,3,0,0,0,37,60,1,2
JAM,0,0,0,0,1,0,0,0,0,0,0,0,0,1,0,0,0,0,0,1,0,0,1,0,0,1,2,0,0,0,0,3,1,0,0,0,0,0,0,0,0,0,0,2,0,0,0,3,0,0,0,1,0,0,0,0,0,0,0,0,0,1,0,0,13,0,0,0,0,0,0,0,0,0,0,0,0,1,0,1,0,0,1,0,0,0,0,0,0,0,0,2,0,1,0,0,1,0,1,0,0,0,0,0,0,0,0,0,0,0,0,0,0,0,0,2,0,0,0,0,0,0,0,0,0,0,0,0,0,0,0,1,0,1,1,0,0,0,0,0,0,0,0,0,0,0,0,0,0,0,0,0,0,0,0,0,0,0,0,0,0,0,0,0,0,0,0,0,0,0,0,0,0,0,0,1,0,0,0,0,0,0,0,37,0,0,1,1,0,0,0,0,0,1,0,0
JOR,0,0,0,0,0,15,1,0,0,4,0,0,0,0,0,0,0,0,1,0,0,1,0,0,0,2,0,0,0,0,0,11,1,0,3,0,0,0,0,0,0,0,0,0,0,1,3,31,0,0,1,0,1,0,1,0,1,0,0,8,0,6,0,0,33,0,0,0,0,0,0,1,0,0,0,0,0,0,0,0,0,0,1,1,0,3,0,9,6,0,0,1,0,0,0,0,0,1,0,0,5,0,0,0,0,0,0,0,0,0,2,0,0,0,0,0,0,0,0,0,0,0,0,0,0,0,1,0,0,0,0,0,0,5,1,1,1,13,0,0,0,1,0,0,1,2,0,0,1,0,4,0,13,2,1,0,0,0,0,0,0,0,0,0,0,4,0,0,0,0,0,1,0,0,0,0,0,3,0,0,1,0,0,56,0,0,0,0,0,0,0,0,1,1,0,0
JPN,0,0,0,0,1,4,46,12,0,631,183,1,0,235,1,2,46,33,0,0,0,18,0,1,2,189,0,0,1,1,0,808,428,28,1608,2,0,1,1,0,9,0,2,1,0,1,168,1590,0,0,160,1,3,4,82,0,304,13,3,126,2,933,0,0,1559,12,10,0,1,2,0,80,0,1,0,2,0,4,17,1,148,98,403,50,24,1,19,181,582,2,1,0,22,11,0,1,0,1015,3,0,0,0,0,0,0,24,0,4,1,9,3,0,1,5,0,86,0,5,0,2,12,13,0,0,0,0,0,68,0,3,0,11,0,363,86,17,105,4,21,1,3,74,0,2,279,33,5,0,0,72,755,0,15,3,1,92,1,0,1,0,0,0,0,47,58,384,0,0,4,0,0,271,2,0,0,1,8,101,283,10,1,90,3,6944,11,0,0,4,47,0,1,1,25,52,2,0
KAZ,0,0,0,0,0,0,0,0,0,0,0,1,0,0,0,0,0,0,0,0,0,1,0,0,0,1,0,0,0,0,0,13,0,0,3,0,0,0,0,0,0,0,0,0,0,0,1,24,0,0,1,0,0,0,2,0,15,1,0,2,0,9,0,0,34,0,0,0,0,0,0,4,0,0,0,0,0,0,0,0,0,0,0,1,1,0,0,19,15,0,0,22,0,0,0,0,0,16,0,0,0,0,0,0,0,0,0,0,0,1,0,0,0,0,0,0,0,0,0,0,0,0,0,0,0,0,0,0,0,0,0,0,0,14,0,0,0,0,2,0,0,0,0,0,15,0,0,0,0,1,53,0,0,0,0,0,0,0,0,0,0,0,0,0,0,1,0,0,0,0,0,0,0,0,0,0,0,2,0,0,0,2,0,29,1,0,0,0,0,0,0,0,0,0,0,0
KEN,0,0,0,0,0,0,0,0,0,14,2,0,0,41,2,0,0,0,0,0,0,0,0,0,0,4,0,0,0,2,1,29,18,1,3,2,5,1,0,0,2,0,2,0,0,0,1,28,0,0,7,0,0,0,3,1,4,0,11,2,0,12,0,2,143,0,2,0,1,0,0,2,0,0,1,0,0,0,0,0,0,3,9,4,0,0,2,7,11,1,0,11,0,0,0,0,0,2,0,2,0,0,0,0,0,1,0,0,0,0,3,0,0,0,0,2,0,0,5,0,0,0,1,0,0,0,4,0,1,0,3,5,0,35,3,3,6,0,0,2,2,5,0,0,0,0,0,0,0,0,0,1,0,1,3,1,0,0,0,0,0,0,0,0,1,12,0,0,1,1,0,9,0,0,0,0,0,0,0,17,15,0,0,152,0,0,0,3,0,0,0,0,0,26,2,11
KGZ,0,0,0,0,0,0,0,0,0,0,0,0,0,2,0,0,0,0,0,0,0,0,0,0,0,0,0,0,0,0,0,0,1,0,0,0,0,0,0,0,0,0,0,0,0,0,0,9,0,0,0,0,0,0,0,0,0,0,0,0,0,4,0,0,2,0,0,0,0,0,0,0,0,0,0,0,0,0,0,0,0,0,0,0,0,0,0,1,1,0,0,0,0,0,0,0,0,0,0,0,0,0,0,0,0,0,0,0,0,0,0,0,0,0,0,0,0,0,0,0,0,0,0,0,0,0,0,0,0,0,0,0,0,0,0,0,0,0,0,0,0,0,0,0,0,1,0,0,0,0,10,0,0,0,0,0,0,0,0,0,0,0,0,0,0,1,0,0,0,0,0,0,0,0,0,0,0,0,0,0,0,0,0,6,1,0,0,0,0,0,0,0,0,0,0,0
KHM,0,0,0,0,0,0,0,0,0,1,0,0,0,5,0,0,0,0,0,0,0,0,0,0,0,0,0,0,0,0,1,0,1,0,1,1,1,0,0,0,0,0,0,0,0,0,0,2,0,0,0,0,1,0,0,0,0,0,0,0,0,3,0,0,2,0,0,0,0,0,0,0,0,0,0,1,0,0,0,0,0,1,0,0,0,1,0,0,0,0,0,1,0,0,0,0,0,0,0,2,0,0,0,0,0,0,0,0,0,0,1,0,0,2,0,0,0,0,0,0,0,0,0,0,0,0,2,0,0,1,0,0,0,0,1,0,0,0,0,0,2,0,0,0,0,1,0,0,0,0,0,0,0,0,1,0,0,0,0,0,0,0,0,0,0,0,0,0,0,0,0,3,0,0,0,0,1,0,0,0,0,0,0,11,0,0,0,0,3,0,0,0,0,0,0,0
KNA,0,0,0,0,1,0,0,0,0,0,0,0,1,0,0,0,0,0,0,1,0,0,1,0,0,0,1,0,0,0,0,0,0,0,0,0,0,0,0,0,0,0,0,0,0,0,0,0,0,1,0,1,0,0,0,0,0,0,0,0,0,1,0,0,1,0,0,0,0,0,0,0,0,0,0,0,0,0,0,1,0,0,0,0,0,0,0,0,0,1,0,0,0,0,0,0,0,0,0,0,0,0,0,0,0,0,0,0,0,0,0,0,0,0,0,0,0,0,0,0,0,0,0,0,0,0,0,0,0,0,0,0,0,1,0,0,0,0,0,0,0,0,0,0,0,0,0,0,0,0,0,0,0,0,0,0,0,0,0,0,0,0,0,0,0,0,0,0,0,0,0,0,0,0,0,1,0,0,0,0,0,0,0,2,0,0,1,0,0,0,0,0,0,0,0,0
KOR,0,0,0,0,0,0,18,10,0,128,46,1,0,18,0,0,4,19,0,0,0,7,0,0,0,39,0,0,0,0,0,239,111,18,383,0,1,0,0,0,22,0,1,1,0,17,20,330,0,0,28,0,1,11,7,0,84,1,0,20,1,147,0,0,305,0,0,0,1,0,0,10,0,0,0,0,0,0,2,0,29,5,167,15,2,0,1,46,135,0,1,1015,16,2,0,0,0,0,2,0,0,0,0,0,1,2,0,1,0,0,1,0,0,0,0,36,0,0,0,0,0,0,0,0,0,0,0,8,0,0,0,1,0,67,8,8,20,0,8,0,0,2,0,0,99,5,0,0,0,24,265,0,1,0,0,31,0,0,0,0,0,0,0,5,30,66,0,0,0,0,0,14,0,0,0,0,1,18,150,1,1,34,1,2533,7,0,0,0,10,0,0,0,3,4,0,0
KWT,0,0,0,0,0,5,0,0,0,2,4,0,0,3,0,0,4,3,0,0,0,0,0,0,0,1,1,0,0,0,0,9,1,0,2,0,0,0,0,0,0,0,0,0,0,0,0,5,0,0,1,0,0,0,22,0,2,1,1,12,0,5,0,0,29,0,0,0,0,0,0,2,0,0,0,0,0,0,0,0,0,0,5,0,0,0,0,2,0,1,0,3,0,0,0,0,0,2,0,0,3,0,0,0,0,1,0,0,0,2,0,0,0,0,0,0,0,0,0,0,0,0,0,0,0,0,0,0,0,0,0,1,0,3,2,0,1,2,0,0,0,0,0,0,0,0,0,0,0,3,0,0,11,0,0,0,0,0,0,0,0,0,0,3,2,4,0,0,0,0,0,0,0,0,0,0,1,2,4,0,0,0,0,71,0,0,0,0,0,0,0,0,0,2,0,0
LAO,0,0,0,0,0,0,0,0,0,1,0,0,0,1,0,0,0,0,0,0,0,0,0,0,0,1,0,0,0,0,0,0,2,0,1,0,0,0,0,0,0,0,0,0,0,0,0,1,0,0,0,0,0,0,0,0,0,0,0,0,0,4,0,0,1,0,0,0,0,0,0,0,0,0,0,0,0,0,0,0,0,1,1,0,0,0,1,0,0,0,0,0,0,2,0,2,0,0,0,0,0,0,0,0,0,0,0,0,0,0,0,0,0,0,0,0,0,0,0,0,0,0,0,0,0,0,0,0,0,0,0,0,0,0,0,0,1,0,0,0,0,4,0,0,0,0,0,0,0,0,0,0,0,0,0,0,0,0,0,0,0,0,0,0,0,1,0,0,0,0,0,2,0,0,0,0,0,0,0,0,0,0,0,4,0,0,0,0,2,0,0,0,0,0,0,0
LBN,0,0,0,0,0,6,0,0,0,1,0,0,0,4,0,0,0,0,7,0,0,0,0,0,0,1,0,0,0,0,0,4,2,0,0,0,1,0,0,0,0,0,0,0,0,1,2,3,0,0,0,0,1,0,3,0,2,0,0,0,0,82,0,0,24,0,0,0,0,0,0,3,0,0,1,0,0,0,1,0,0,0,1,0,0,0,0,1,10,0,5,0,0,0,0,0,0,0,3,0,0,0,1,0,0,0,0,0,0,0,1,0,0,0,0,1,0,1,0,0,0,0,0,0,0,0,0,0,0,0,0,0,0,3,3,0,0,0,0,0,0,0,0,0,3,2,0,1,0,0,3,0,4,0,0,0,0,0,0,0,0,0,0,0,0,5,0,0,3,0,0,0,0,0,0,0,1,2,0,0,0,0,0,74,0,0,0,0,0,0,0,0,0,2,0,0
LBR,0,0,0,0,0,0,0,0,0,0,0,0,0,0,0,0,0,0,0,0,0,0,0,0,0,0,0,0,0,0,0,0,0,0,0,0,0,0,0,0,0,0,0,0,0,0,0,0,0,0,1,0,0,0,0,0,0,0,0,0,0,2,0,0,1,0,0,0,0,0,0,0,0,0,0,0,0,0,0,0,0,0,0,0,0,0,0,0,0,0,0,0,0,0,0,0,0,0,0,0,0,0,0,0,0,0,0,0,0,0,0,0,0,0,0,0,0,0,0,0,0,0,0,0,0,0,0,0,0,0,0,0,0,0,0,0,0,0,0,0,0,0,0,0,0,0,0,0,0,0,0,1,0,0,0,0,0,1,0,0,0,0,0,0,0,0,0,0,0,0,0,0,0,0,0,0,0,0,0,0,0,0,0,2,0,0,0,0,0,0,0,0,0,0,0,0
LBY,0,0,0,0,0,2,0,0,0,1,0,0,0,0,0,0,0,0,0,0,0,0,0,0,0,0,0,0,0,0,0,0,0,0,1,0,0,0,0,0,0,0,0,0,0,0,0,2,0,0,0,0,0,0,1,0,0,0,0,0,0,0,0,0,6,0,0,0,0,0,0,0,0,0,0,0,0,0,0,0,0,0,1,3,1,1,0,0,1,0,0,0,0,0,0,0,0,0,0,0,1,0,0,0,0,0,0,0,0,0,0,0,0,0,0,0,0,0,0,0,0,0,0,0,0,0,0,0,0,0,0,0,0,0,0,0,0,0,0,0,0,0,0,0,0,0,0,0,0,0,0,0,1,0,0,0,0,0,0,0,0,0,0,2,0,1,0,0,0,0,0,0,0,0,0,0,0,0,0,0,0,0,0,1,0,0,0,0,0,0,0,0,0,0,0,0
LCA,0,0,0,0,0,0,0,0,0,0,0,0,0,0,0,0,0,0,0,0,0,0,0,0,0,0,0,0,0,0,0,0,0,0,0,0,0,0,0,0,0,0,0,0,0,0,0,1,0,0,0,0,0,0,0,0,0,0,0,0,0,1,0,0,0,0,0,0,0,0,0,0,0,0,0,0,0,0,0,0,0,0,0,0,0,0,0,0,0,0,0,0,0,0,0,0,0,0,0,0,0,0,0,0,0,0,0,0,0,0,0,0,0,0,0,0,0,0,0,0,0,0,0,0,0,0,0,0,0,0,0,0,0,0,0,0,0,0,0,0,0,0,0,0,0,0,0,0,0,0,0,0,0,0,0,0,0,0,0,0,0,0,0,0,0,0,0,0,0,0,0,0,0,0,0,0,0,0,0,0,0,0,0,0,0,0,0,0,0,0,0,0,0,0,0,0
LIE,0,0,0,0,0,0,0,0,0,0,1,0,0,0,0,0,0,0,0,0,0,0,0,0,0,0,0,0,0,0,0,0,0,0,0,0,0,0,0,0,0,0,0,0,0,0,0,3,0,0,0,0,0,0,0,0,0,0,0,0,0,0,0,0,4,0,0,0,0,0,0,0,0,0,0,0,0,0,0,0,0,0,0,0,0,0,0,0,0,0,0,0,0,0,0,0,0,1,0,0,0,0,0,0,0,0,0,0,0,0,0,0,0,0,0,0,0,0,0,0,0,0,0,0,0,0,0,0,0,0,0,0,0,0,0,0,0,0,0,0,0,0,0,0,0,0,0,0,0,0,0,0,0,0,0,0,0,0,0,0,0,0,0,0,1,0,0,0,0,0,0,0,0,0,0,0,0,0,0,0,0,0,0,2,0,0,0,0,0,0,0,0,0,0,0,0
LKA,0,0,0,0,0,0,1,0,0,7,1,0,0,3,0,0,3,0,0,0,0,0,0,0,0,0,0,0,0,0,0,1,1,0,5,0,0,0,0,0,0,0,0,0,0,0,0,3,0,0,5,0,0,0,0,0,0,0,0,0,0,0,0,0,40,0,0,0,0,0,0,0,0,0,0,0,0,0,0,0,0,1,9,0,0,0,0,0,3,0,0,24,0,1,0,0,0,2,1,0,0,0,0,0,0,0,0,0,0,0,1,0,0,0,0,0,0,0,0,0,0,0,0,0,0,0,0,2,0,0,0,0,0,6,0,0,0,0,3,0,0,1,0,0,0,0,0,0,0,0,1,0,0,0,0,1,0,0,0,0,0,0,0,0,0,2,0,0,0,0,0,4,0,0,0,1,0,1,1,0,0,0,0,22,0,0,0,0,2,0,0,0,0,0,0,0
LSO,0,0,0,0,0,0,0,0,0,0,0,0,0,0,0,0,0,0,0,0,0,0,0,0,0,0,0,0,0,1,0,0,0,0,0,0,0,0,0,0,0,0,0,0,0,0,0,0,0,0,0,0,0,0,0,0,0,0,0,0,0,0,0,0,1,0,0,0,0,0,0,0,0,0,0,0,0,0,0,0,0,0,0,0,0,0,0,0,0,0,0,0,0,0,0,0,0,0,0,0,0,0,0,0,0,0,0,0,0,0,0,0,0,1,0,0,0,0,0,0,0,0,0,0,0,0,1,0,1,0,0,0,0,0,0,0,0,0,0,0,0,0,0,0,0,0,0,0,0,0,0,0,0,0,0,0,0,0,0,0,0,0,0,0,0,0,1,0,0,0,0,0,0,0,0,0,0,0,0,0,0,0,0,0,0,0,0,0,0,0,0,0,0,1,0,1
LTU,0,0,0,0,0,0,0,0,0,1,10,0,0,7,0,0,0,6,0,0,0,4,0,0,0,3,0,0,0,1,0,7,7,0,2,0,0,0,0,0,0,0,0,0,0,0,18,52,0,0,19,0,0,0,0,0,6,8,0,24,0,42,0,0,37,0,0,0,0,0,0,8,0,0,0,0,0,0,4,0,4,0,1,2,0,0,1,6,18,0,0,4,0,0,0,0,0,1,0,0,0,0,0,0,0,0,0,0,0,11,0,0,0,0,0,1,0,0,0,0,0,0,0,0,0,0,0,0,0,0,0,0,0,11,21,0,0,0,0,0,0,0,0,0,30,1,0,0,0,3,25,0,0,0,0,0,0,0,1,0,0,0,0,4,5,51,0,0,0,0,0,0,0,0,0,0,0,1,4,0,0,6,0,62,1,0,0,0,0,0,0,0,1,0,0,0
LUX,0,0,0,0,0,0,0,0,0,0,5,0,0,35,0,0,0,1,0,0,0,0,0,0,0,1,0,0,0,0,0,2,11,0,1,0,0,0,0,0,0,0,0,0,0,0,1,26,0,0,4,0,0,0,0,0,6,0,0,5,0,34,0,0,14,0,0,0,0,0,0,2,0,0,0,0,0,0,1,0,1,0,0,1,0,0,0,3,12,0,0,1,0,0,0,0,0,0,0,0,0,0,0,0,0,0,0,0,0,0,0,0,0,1,0,0,0,0,0,0,0,0,0,0,0,0,5,0,0,0,0,0,0,7,1,0,0,0,0,0,0,0,0,0,0,3,0,0,0,1,2,1,0,0,0,0,0,0,0,0,0,0,0,0,0,5,0,0,0,0,0,1,0,0,0,0,0,1,0,0,0,0,0,12,0,0,0,0,0,0,0,0,0,0,0,0
LVA,0,0,0,0,0,0,0,1,0,1,6,0,0,1,0,0,0,4,0,0,0,2,0,0,0,1,0,0,0,2,0,6,6,0,3,0,0,0,0,0,0,0,1,0,0,0,4,64,0,0,6,0,0,0,0,0,6,8,0,9,0,16,0,0,14,0,0,0,0,0,0,3,0,0,0,0,0,0,2,0,3,0,0,1,0,0,0,4,5,0,0,9,1,0,0,0,0,0,2,0,0,0,0,0,0,0,0,11,0,0,0,0,0,0,0,1,0,0,0,0,0,0,0,0,0,0,0,0,0,0,0,0,0,12,0,0,0,0,0,0,0,1,0,0,11,4,0,0,0,2,27,0,0,0,0,0,0,0,0,0,0,0,0,4,5,35,0,0,0,0,0,0,0,0,0,0,0,3,0,0,0,13,0,28,0,0,0,0,0,0,0,0,1,0,0,0
MAR,0,0,0,0,0,0,1,1,0,0,3,1,1,19,0,1,0,1,0,0,1,1,0,0,0,4,0,0,0,0,0,30,9,0,0,2,1,0,0,0,0,0,0,2,0,1,2,41,0,0,1,0,9,0,3,0,63,1,0,1,0,403,0,0,17,0,0,0,0,0,0,2,0,0,0,1,0,0,0,1,1,0,5,0,0,0,0,1,38,0,2,3,0,3,0,1,0,1,0,0,1,0,0,0,0,1,0,0,0,0,0,1,0,1,0,3,0,0,0,0,0,0,0,0,0,0,1,1,0,1,0,2,0,3,0,1,0,0,5,0,0,1,0,0,9,15,0,0,0,7,8,0,4,0,8,0,0,0,0,0,0,0,0,2,0,3,0,0,0,0,0,2,0,0,0,0,11,2,2,0,1,0,0,55,1,0,0,2,2,0,0,0,0,2,0,0
MCO,0,0,0,0,0,0,0,0,0,1,0,0,0,3,0,0,0,0,0,0,0,0,0,0,0,0,0,0,0,0,0,1,1,0,1,0,0,0,0,0,0,0,0,0,0,0,0,2,0,0,1,0,1,0,0,0,3,1,0,1,0,18,0,0,1,0,0,0,0,0,0,0,0,0,0,0,0,0,0,0,0,0,0,0,0,0,0,0,4,0,0,0,0,0,0,0,0,0,0,0,0,0,0,0,0,0,0,0,0,0,1,0,0,0,0,1,0,0,0,0,0,0,0,0,0,0,0,0,0,0,0,0,1,0,2,0,0,0,0,0,0,0,0,0,1,2,0,0,0,0,0,0,0,0,0,0,0,0,0,0,0,0,0,0,0,1,0,0,0,0,0,0,0,0,0,0,1,2,0,0,0,0,0,5,0,0,0,0,0,0,0,0,0,0,0,0
MDA,0,0,0,0,0,0,0,0,0,2,1,0,0,9,0,0,0,0,0,0,0,2,0,0,0,1,0,0,0,0,0,1,1,0,0,0,0,0,0,0,0,0,0,0,0,0,0,36,0,0,3,0,0,0,0,0,8,0,0,7,0,11,0,0,7,0,0,0,0,0,0,2,0,0,0,0,0,0,0,0,2,0,0,0,0,0,0,3,9,0,0,1,0,0,0,0,0,0,0,0,0,0,0,0,0,0,0,0,0,0,0,0,0,0,0,1,0,0,0,0,0,0,0,0,0,0,0,0,0,0,0,0,0,6,0,0,0,0,0,0,0,0,0,0,15,1,0,0,0,16,27,0,0,0,0,0,0,0,0,0,0,0,0,0,0,5,0,0,0,0,0,0,0,0,0,0,0,0,0,0,0,8,0,19,0,0,0,0,0,0,0,0,0,1,0,0
MDG,0,0,0,0,0,0,1,0,0,1,1,0,0,0,0,1,0,0,0,0,0,0,0,0,0,1,0,0,0,0,1,2,1,0,1,2,2,0,0,0,0,1,0,0,0,0,0,5,0,0,0,0,1,0,0,0,1,0,0,0,0,24,0,1,6,0,0,0,0,0,0,0,0,0,0,1,0,0,0,1,0,0,1,0,0,0,0,0,5,0,0,5,0,0,0,2,0,0,0,0,0,0,0,0,0,0,1,0,1,0,1,0,0,0,0,0,0,0,0,0,0,0,0,0,0,0,1,0,0,1,0,0,0,4,0,0,0,0,0,0,0,0,0,0,0,0,0,0,0,0,1,0,0,0,4,0,0,0,0,0,0,0,0,0,0,1,0,0,0,0,0,1,0,0,0,0,1,0,0,0,0,0,0,17,0,0,0,1,2,0,0,0,0,2,1,0
MDV,0,0,0,0,0,0,0,0,0,0,0,0,0,0,0,0,0,0,0,0,0,0,0,0,0,0,0,0,0,0,0,0,0,0,0,0,0,0,0,0,0,0,0,0,0,0,0,0,0,0,0,0,0,0,0,0,0,0,0,0,0,0,0,0,1,0,0,0,0,0,0,0,0,0,0,0,0,0,0,0,0,0,0,0,0,0,0,0,0,0,0,0,0,0,0,0,0,0,0,0,0,0,0,0,0,0,0,0,0,0,0,0,0,0,0,0,0,0,0,0,0,0,0,0,0,0,0,0,0,0,0,0,0,0,0,0,0,0,0,0,0,0,0,0,0,0,0,0,0,0,0,0,0,0,0,0,0,0,0,0,0,0,0,0,0,0,0,0,0,0,0,0,0,0,0,0,0,0,0,0,0,0,0,0,0,0,0,0,0,0,0,0,0,0,0,0
MEX,0,0,0,0,0,1,87,22,0,46,14,0,0,49,0,1,1,8,0,0,0,6,0,0,2,111,0,0,0,0,0,134,50,47,58,0,0,0,2,0,41,0,24,64,0,0,48,214,0,0,18,1,1,15,3,0,317,3,0,6,0,245,0,0,266,3,0,0,0,0,0,20,0,0,12,0,0,7,1,0,15,0,49,6,1,0,3,38,111,2,0,86,0,2,0,0,0,36,0,0,1,0,0,0,0,0,0,1,0,1,3,1,1,0,0,0,0,0,0,0,0,0,0,0,0,0,1,0,0,0,0,1,0,55,8,1,16,2,1,2,14,4,0,0,50,11,0,0,0,10,147,0,4,0,3,6,0,0,0,0,0,0,0,16,6,33,0,0,1,0,0,7,0,1,0,0,0,10,10,1,0,39,16,1130,3,0,0,53,0,0,0,0,3,16,1,2
MHL,0,0,0,0,0,0,0,0,0,0,0,0,0,0,0,0,0,0,0,0,0,0,0,0,0,0,0,0,0,0,0,1,0,0,0,0,0,0,0,0,0,0,0,0,0,0,0,0,0,0,0,0,0,0,0,0,0,0,0,0,0,0,0,0,0,0,0,0,0,0,0,0,0,0,0,0,0,0,0,0,0,0,0,0,0,0,0,0,0,0,0,0,0,0,0,0,0,0,0,0,0,0,0,0,0,0,0,0,0,0,0,0,0,0,0,0,0,0,0,0,0,0,0,0,0,0,0,0,0,0,0,0,0,0,0,0,0,0,0,0,0,0,0,0,0,0,0,0,0,0,0,0,0,0,0,0,0,0,0,0,0,0,0,0,0,0,0,0,0,0,0,0,0,0,0,0,0,0,0,0,0,0,0,1,0,0,0,0,0,0,0,0,0,0,0,0
MKD,0,0,1,0,0,0,0,0,0,1,0,0,0,2,0,0,0,8,0,0,0,0,0,0,0,0,0,0,0,0,0,2,2,0,0,0,0,0,0,0,0,0,0,0,0,0,0,8,0,0,0,0,0,0,0,0,1,0,0,0,0,2,0,0,9,0,0,0,0,0,0,3,0,0,0,0,0,0,3,0,1,0,2,1,0,0,0,0,4,0,0,5,0,0,0,0,0,0,0,0,1,0,0,0,0,0,0,0,0,0,0,0,0,0,0,0,0,0,0,0,0,0,0,1,0,0,0,7,0,0,0,0,0,1,0,0,0,0,0,0,0,0,0,0,2,0,0,0,0,0,2,0,1,0,0,0,0,0,0,0,1,0,0,0,3,2,0,0,0,0,0,3,0,0,0,0,1,10,0,0,0,0,0,4,0,0,0,0,0,0,0,0,8,0,0,0
MLI,0,0,0,0,0,0,0,0,0,0,0,0,0,2,0,3,1,0,0,0,0,0,0,0,0,0,0,0,0,0,0,0,3,0,0,0,0,0,1,0,0,0,0,0,0,0,0,3,0,0,0,0,0,0,1,0,1,0,1,0,0,20,0,0,2,0,1,1,0,0,0,0,0,0,0,0,0,0,0,0,0,0,2,0,0,0,0,0,3,0,0,0,0,5,0,0,0,0,0,0,0,0,0,0,0,0,0,0,0,0,0,0,0,0,0,0,0,0,0,0,0,0,0,0,0,0,1,0,0,0,3,1,0,1,4,0,0,0,0,0,0,0,0,0,0,0,0,0,0,0,2,0,0,0,1,0,0,0,0,0,0,0,0,0,0,0,0,0,0,0,0,0,0,0,0,0,0,0,0,1,1,0,0,15,0,0,0,0,0,0,0,0,0,2,0,1
MLT,0,0,0,0,0,0,0,0,0,1,0,0,0,2,0,0,0,0,0,0,0,0,0,0,0,0,0,0,0,0,0,1,1,0,0,0,0,0,0,0,0,0,0,0,0,0,0,2,0,0,0,0,0,0,0,0,2,0,0,1,0,3,0,0,14,0,0,0,0,0,0,0,0,0,0,0,0,0,0,0,0,0,0,1,0,0,1,1,4,0,0,2,0,0,0,0,0,0,0,0,0,0,0,0,0,0,0,0,0,0,0,0,0,0,0,0,0,0,0,0,0,0,0,0,0,0,0,0,0,0,0,0,0,1,0,0,1,0,0,0,0,0,0,0,0,0,0,0,0,0,0,0,0,0,0,0,0,0,0,0,0,0,0,0,0,2,0,0,0,0,0,0,0,0,0,0,0,0,0,0,0,0,0,2,0,0,0,0,0,0,0,0,1,0,0,0
MMR,0,0,0,0,0,0,0,0,0,1,0,0,0,0,0,0,0,0,0,0,0,0,0,0,0,1,0,0,0,0,0,0,0,0,1,0,0,0,0,0,0,0,0,0,0,0,0,0,0,0,0,0,0,0,0,0,0,0,0,0,0,2,0,0,0,0,0,0,0,0,0,0,0,0,0,0,0,0,0,0,0,2,0,0,0,0,0,0,0,0,0,12,0,0,0,0,0,0,0,0,0,0,0,0,0,0,0,0,0,0,0,0,0,0,0,0,0,0,0,0,0,0,0,0,0,0,0,0,0,0,0,0,0,0,0,0,0,0,0,0,0,0,0,0,0,0,0,0,0,0,0,0,0,0,0,1,0,0,0,0,0,0,0,0,0,0,0,0,0,0,0,4,0,0,0,0,0,0,0,0,0,0,0,4,0,0,0,0,1,0,0,0,0,0,0,0
MNG,0,0,0,0,0,0,0,0,0,0,0,0,0,0,0,0,0,0,0,0,0,0,0,0,0,0,0,0,0,0,0,3,2,0,4,0,0,0,0,0,0,0,0,0,0,0,0,5,0,0,0,0,0,0,0,0,0,0,0,1,0,3,0,0,6,1,0,0,0,0,0,0,0,0,0,0,0,0,0,0,2,0,1,0,0,0,0,0,0,0,0,13,0,0,0,0,0,0,0,0,0,0,0,0,0,0,0,0,0,0,0,0,0,0,0,0,0,0,0,0,0,0,0,0,0,0,0,0,0,0,0,0,0,1,1,0,4,0,2,0,0,1,0,0,1,0,0,0,0,0,9,0,0,0,0,0,0,0,0,0,0,0,0,0,1,1,0,0,0,0,0,0,0,0,0,0,0,0,1,0,0,0,0,9,0,0,0,0,1,0,0,0,0,0,0,0
MOZ,0,0,0,0,0,0,0,0,0,1,0,0,0,0,0,0,0,0,0,0,0,0,0,0,0,0,0,0,0,0,0,1,0,0,0,0,0,0,0,0,0,0,0,0,0,0,0,0,0,0,1,0,0,0,0,0,3,0,0,0,0,2,0,0,3,0,0,0,0,0,0,0,0,0,0,0,0,0,0,0,0,0,0,0,0,0,0,0,1,0,0,0,0,1,0,0,0,0,0,0,0,0,0,0,0,0,0,0,0,0,0,0,0,0,0,0,0,0,0,0,0,0,0,0,0,0,0,0,0,0,0,0,0,3,1,0,0,0,0,0,0,0,0,0,0,2,0,0,0,0,0,0,0,0,0,0,0,0,0,0,0,0,0,0,0,8,0,0,0,0,0,0,0,0,0,0,0,0,0,0,0,0,0,1,0,0,0,0,0,0,0,0,0,3,0,1
MRT,0,0,0,0,0,0,0,0,0,0,0,0,0,0,0,0,0,1,0,0,0,0,0,0,0,0,0,0,0,0,0,1,0,0,0,0,1,0,0,0,0,0,0,0,0,0,0,1,0,0,0,0,0,0,0,0,1,0,0,0,0,7,0,0,0,0,0,0,0,0,0,0,0,0,0,0,0,0,0,0,0,0,1,0,0,0,0,0,0,0,0,0,0,0,0,0,0,0,0,0,0,0,0,0,0,0,0,0,0,0,0,0,0,0,0,0,0,1,0,0,0,0,0,0,0,0,0,0,0,0,0,0,0,0,0,0,0,0,0,0,0,0,0,0,0,0,0,0,0,0,0,0,0,0,3,0,0,0,0,0,0,0,0,0,0,0,0,0,0,0,0,0,0,0,0,0,3,0,0,0,0,0,0,1,0,0,0,0,0,0,0,0,0,0,0,0
MSR,0,0,0,0,0,0,0,0,0,0,0,0,0,0,0,0,0,0,0,0,0,0,0,0,0,0,0,0,0,0,0,0,0,0,0,0,0,0,0,0,0,0,0,0,0,0,0,0,0,0,0,0,0,0,0,0,0,0,0,0,0,0,0,0,3,0,0,0,0,0,0,0,0,0,0,0,0,0,0,0,0,0,0,0,0,0,0,0,0,0,0,0,0,0,0,0,0,0,0,0,0,0,0,0,0,0,0,0,0,0,0,0,0,0,0,0,0,0,0,0,0,0,0,0,0,0,0,0,0,0,0,0,0,0,0,0,0,0,0,0,0,0,0,0,0,0,0,0,0,0,0,0,0,0,0,0,0,0,0,0,0,0,0,0,0,0,0,0,0,0,0,0,0,0,0,0,0,0,0,0,0,0,0,2,0,0,0,0,0,0,0,0,0,0,0,0
MUS,0,0,0,0,0,0,0,0,0,5,1,0,0,0,0,0,0,0,0,0,0,0,0,0,0,0,0,0,0,0,0,2,0,0,0,0,0,0,0,0,0,0,0,0,0,0,0,1,0,0,2,0,0,0,0,0,0,0,0,1,0,4,0,0,12,0,0,0,0,0,0,0,0,0,0,0,0,0,0,0,0,0,5,2,0,0,0,0,1,0,0,0,0,0,0,0,0,0,0,0,0,0,0,0,0,0,0,0,0,0,0,0,0,0,0,0,0,0,0,0,0,0,0,0,0,0,0,0,0,0,0,0,0,0,0,0,0,0,0,0,0,0,0,0,0,0,0,0,0,0,0,0,0,0,0,0,0,0,0,0,0,0,0,0,0,0,0,0,0,0,0,0,0,0,0,0,0,0,0,0,0,0,0,2,0,0,0,0,0,0,0,0,0,0,0,0
MWI,0,0,0,0,0,0,0,0,0,3,0,0,0,1,0,1,0,0,0,0,0,0,0,0,0,1,0,0,0,1,1,6,4,1,1,0,1,0,0,0,2,0,0,0,0,1,0,1,0,0,1,0,0,0,1,0,0,0,0,2,0,2,0,0,46,0,1,0,0,0,0,0,0,0,0,0,0,0,0,0,0,0,1,0,0,0,0,0,1,0,1,0,0,4,0,2,0,0,0,0,0,0,0,0,0,0,1,0,5,0,1,0,0,1,0,1,0,0,1,0,0,0,0,0,0,0,0,0,1,0,0,3,0,8,1,1,3,0,0,0,3,1,0,0,0,0,0,0,0,0,1,0,0,0,1,0,0,0,0,0,0,0,0,0,0,1,1,0,0,0,0,1,0,0,0,0,0,0,0,1,2,0,0,31,0,0,0,0,0,0,0,0,0,9,2,1
MYS,0,0,0,0,0,1,0,0,0,31,2,0,0,11,0,0,10,0,0,0,0,0,0,0,0,2,0,2,0,0,0,16,3,0,92,0,0,0,1,0,1,0,0,0,0,0,0,25,0,0,7,0,0,0,0,0,2,0,0,5,0,9,0,1,77,0,0,0,0,0,0,0,0,1,0,0,0,0,0,0,1,21,48,4,10,0,0,0,6,0,0,68,0,0,0,0,0,8,0,0,0,0,0,0,0,2,0,0,0,0,1,0,0,0,0,0,0,7,0,0,0,0,0,0,0,0,0,0,0,0,0,2,0,5,0,0,5,1,3,0,0,11,0,2,2,0,0,0,0,3,0,0,1,0,0,16,0,0,0,0,0,0,0,0,0,7,0,0,0,0,0,49,0,0,0,0,1,8,8,0,0,1,0,68,2,0,0,0,3,0,0,0,0,1,0,0
NAM,0,0,0,0,0,0,0,0,0,2,0,0,0,0,0,0,0,0,0,0,0,0,0,0,0,0,0,0,0,1,0,1,2,0,0,0,0,0,0,0,0,0,0,0,0,0,0,5,0,0,1,0,0,0,0,0,0,0,0,0,0,0,0,0,5,0,0,0,0,0,0,0,0,0,0,0,0,0,0,0,0,0,0,0,0,0,0,0,1,0,0,0,0,1,0,0,0,0,0,0,0,0,0,0,0,0,1,0,0,0,0,0,0,0,0,0,0,0,0,0,0,0,0,0,0,0,1,0,0,0,0,0,0,0,1,0,0,0,0,0,0,1,0,0,0,1,0,0,0,0,0,0,0,0,0,0,0,0,0,0,0,0,0,0,0,0,1,0,0,0,0,0,0,0,0,0,0,0,0,0,0,0,0,2,0,0,0,0,0,0,0,0,0,11,0,1
NCL,0,0,0,0,0,0,0,0,0,4,0,0,0,0,0,0,0,0,0,0,0,0,0,0,0,0,0,0,0,0,0,0,1,0,0,1,1,0,0,0,0,0,0,0,0,0,0,0,0,0,0,0,1,0,0,0,1,0,0,0,0,19,0,0,3,0,0,0,0,0,0,0,0,0,0,1,0,0,0,0,0,0,0,0,0,0,0,0,6,0,0,3,0,0,0,1,0,0,0,0,0,0,0,0,0,0,0,0,0,0,1,0,0,1,0,0,0,0,0,0,0,0,0,0,0,0,0,0,0,0,0,0,0,0,0,0,0,0,0,0,0,0,0,0,1,0,0,0,0,0,0,0,0,0,1,0,0,0,0,0,0,0,0,0,0,0,0,0,0,0,0,1,0,0,0,0,1,0,0,0,0,0,0,2,0,0,0,0,1,0,0,0,0,0,0,1
NER,0,0,0,0,0,0,0,0,0,0,0,0,0,6,0,4,0,0,0,0,0,0,0,0,0,0,0,0,0,0,0,0,0,0,0,0,0,0,1,0,0,0,0,0,0,0,0,2,0,0,0,0,0,0,0,1,0,0,2,0,0,10,0,0,0,0,0,1,0,0,0,0,0,0,0,0,0,0,0,0,0,0,0,0,0,0,0,0,0,0,0,0,0,3,0,0,0,0,0,0,0,0,0,0,0,0,0,0,0,0,0,0,0,0,0,0,0,0,3,0,0,0,0,0,0,0,0,0,0,0,0,0,0,1,0,0,0,0,0,0,0,0,0,0,0,0,0,0,0,0,0,0,0,0,3,0,0,0,0,0,0,0,0,0,0,0,0,0,0,1,1,0,0,0,0,0,0,0,0,0,0,0,0,4,0,0,0,0,0,0,0,0,0,0,0,0
NGA,0,0,0,0,0,0,1,0,0,4,2,0,1,3,8,6,0,0,0,0,0,0,0,0,0,3,0,0,0,2,2,5,8,0,2,2,14,0,1,0,4,0,0,0,0,0,0,34,0,0,2,0,0,0,2,0,3,0,1,3,1,5,0,0,51,0,11,0,1,0,0,0,0,1,0,0,0,0,0,0,2,1,6,0,1,0,0,2,18,1,0,11,0,5,0,0,0,1,1,0,0,0,0,0,0,0,0,0,0,0,2,0,0,0,0,1,0,0,1,0,0,0,0,0,0,0,3,2,0,0,0,0,0,8,1,0,0,3,0,0,1,1,0,0,3,0,0,0,0,0,0,0,0,2,2,0,0,0,0,0,0,0,0,0,0,8,0,0,1,0,0,1,0,0,0,1,0,0,2,5,7,0,0,66,0,0,0,0,0,0,0,0,0,19,0,3
NIC,0,0,0,0,0,0,0,0,0,0,0,0,0,3,0,0,1,0,0,0,0,0,0,0,0,0,0,0,0,0,0,1,1,0,0,0,0,0,0,0,0,0,4,0,0,0,0,0,0,0,0,0,0,0,0,0,1,0,0,0,0,2,0,0,2,0,0,0,0,0,0,0,0,0,3,0,0,0,0,0,0,0,0,0,0,0,0,0,2,0,0,0,0,0,0,0,0,0,0,0,0,0,0,0,0,0,0,0,0,0,0,1,0,0,0,0,0,0,0,0,0,0,0,0,0,0,0,0,0,0,0,0,0,3,0,0,0,0,0,0,0,0,0,0,0,1,0,0,0,0,0,0,0,0,0,0,0,0,1,0,0,0,0,0,0,3,0,0,0,0,0,0,0,0,0,0,0,0,0,0,0,0,0,11,0,0,0,0,0,0,0,0,0,0,0,0
NLD,0,0,0,0,19,6,53,10,0,308,230,0,0,994,5,5,10,53,1,2,0,7,1,1,8,138,1,0,0,2,1,526,483,30,192,4,4,0,0,0,30,0,17,5,0,18,125,2112,0,0,377,2,2,16,18,3,586,18,17,300,0,1241,0,3,2219,1,10,0,1,0,0,145,0,0,1,1,1,2,23,3,125,55,112,117,13,0,21,162,1004,1,5,363,14,35,0,0,1,67,3,0,3,0,0,0,0,6,0,11,7,12,3,0,6,4,0,55,0,1,1,1,0,1,3,0,0,0,8,5,0,0,1,8,3,0,212,6,63,1,5,3,4,13,0,1,217,139,0,0,0,63,361,0,9,9,6,17,0,0,1,0,0,0,4,39,35,559,0,0,2,0,0,27,0,0,0,4,2,55,33,11,7,47,6,3061,0,0,1,5,20,0,0,1,15,123,3,11
NOR,0,0,0,0,0,1,4,0,0,84,60,0,0,74,1,1,2,6,0,0,1,0,0,1,1,26,0,0,0,4,0,167,86,7,58,0,0,1,0,0,3,0,2,2,0,0,42,384,0,0,367,0,1,0,4,2,117,17,15,223,0,291,0,0,600,0,1,0,0,3,0,50,0,1,0,0,0,0,4,0,20,0,19,16,0,1,33,40,188,1,1,86,0,3,0,1,0,8,2,0,3,0,0,0,0,0,0,21,1,0,0,2,0,0,0,8,0,0,4,0,0,1,1,0,0,0,1,0,1,0,0,1,0,212,0,2,21,0,0,0,0,2,0,0,69,31,1,0,0,12,134,0,3,4,0,4,0,0,0,0,1,0,0,15,20,578,0,0,0,0,0,4,0,0,0,0,1,6,3,12,4,10,1,796,1,0,0,0,1,0,0,0,0,25,1,5
NPL,0,0,0,0,0,0,0,0,0,3,1,0,0,0,0,0,0,0,0,0,0,0,0,0,0,1,0,0,0,0,0,4,1,2,2,2,0,0,0,0,0,0,0,0,0,1,1,6,0,0,1,0,0,0,0,0,0,0,0,0,0,2,0,0,13,1,0,0,0,0,0,0,0,0,0,0,0,0,0,0,0,1,15,0,0,0,0,2,1,0,1,17,0,3,0,0,0,8,0,0,0,0,0,0,0,0,0,0,0,0,1,0,0,0,0,1,0,0,0,0,0,0,0,0,0,0,1,0,0,0,0,0,0,6,2,0,1,0,1,0,0,4,0,0,0,0,0,0,0,0,1,0,0,0,2,0,0,0,0,0,0,0,0,0,0,1,0,0,0,0,0,4,0,0,0,0,0,0,1,0,1,0,0,42,0,0,0,0,1,0,0,0,0,1,0,1
NZL,0,0,0,0,0,3,12,2,0,469,24,0,0,33,0,0,0,0,0,0,0,0,0,0,0,20,0,0,0,0,0,157,43,6,80,0,1,0,0,1,1,0,2,1,0,0,9,132,0,0,41,0,1,0,1,0,36,2,1,18,2,94,0,0,446,0,0,0,0,0,0,6,0,0,0,0,0,0,2,0,4,1,14,17,3,0,4,13,48,0,1,105,0,6,0,0,0,20,1,1,0,0,0,0,0,0,0,0,0,0,0,0,0,0,0,16,0,0,0,1,0,4,0,0,0,0,3,5,0,0,0,0,0,63,21,1,0,3,1,1,2,3,0,0,14,6,0,0,0,3,29,0,3,0,0,31,0,0,0,0,0,0,0,3,3,51,0,0,0,0,0,9,0,0,1,0,1,2,13,0,0,4,0,673,1,0,0,0,0,0,0,0,0,30,0,0
OMN,0,0,0,0,0,6,0,0,0,1,0,0,0,0,0,0,3,0,0,0,0,0,0,0,0,0,0,0,0,0,0,7,3,0,1,0,0,0,0,0,0,0,0,0,0,0,0,3,0,0,1,0,1,0,3,0,1,0,0,2,0,7,0,0,31,0,0,0,0,0,0,2,0,0,0,0,0,0,0,0,0,0,5,0,0,0,0,0,1,0,13,4,0,0,0,0,0,0,2,0,0,0,0,0,0,0,0,0,0,0,0,0,0,0,0,2,0,0,0,0,0,0,0,0,0,0,0,1,0,0,0,3,0,1,0,0,3,0,0,0,0,0,0,0,0,0,0,0,0,0,1,0,8,0,0,1,0,0,0,0,0,0,0,0,0,0,0,0,0,0,0,0,0,0,0,1,0,2,0,0,0,1,0,17,0,0,0,0,0,0,0,0,0,5,0,0
PAK,0,0,0,0,0,1,4,0,0,11,3,0,0,3,0,0,1,0,0,0,0,0,0,0,0,2,0,0,0,0,0,28,5,1,8,1,3,0,0,0,1,0,0,1,0,0,2,40,0,0,1,0,0,0,1,0,3,0,0,0,0,12,0,0,65,0,0,0,0,0,0,0,0,0,0,0,0,0,0,0,2,1,8,2,3,0,1,0,18,0,0,21,2,0,0,0,0,8,0,0,0,0,0,0,0,3,0,0,0,0,5,0,0,0,0,1,0,0,0,0,0,2,0,0,0,0,0,3,0,0,0,0,0,5,0,1,1,0,0,0,1,2,0,0,3,0,0,0,0,5,2,0,9,0,0,2,0,0,0,0,0,0,0,0,0,7,0,0,1,0,0,5,0,0,0,1,0,8,1,0,0,1,0,83,0,0,0,0,0,0,0,0,1,5,0,0
PAN,0,0,0,0,0,0,2,0,0,4,0,0,0,7,0,0,0,0,0,0,0,0,0,0,2,12,0,0,0,0,0,7,6,3,0,0,1,0,0,0,5,0,5,0,0,2,3,9,0,0,2,1,0,2,0,0,6,0,0,0,0,6,0,0,18,0,0,0,0,0,0,0,0,0,1,0,0,0,0,0,0,1,0,1,0,0,0,0,0,0,0,1,0,2,0,0,0,0,0,0,0,0,0,0,0,0,0,0,0,0,0,0,0,0,0,2,0,0,0,0,0,0,0,0,0,0,0,0,0,0,0,0,0,3,0,0,1,0,0,0,4,0,0,0,0,0,0,0,0,0,0,0,0,1,0,1,0,0,0,0,0,0,0,0,0,2,0,0,0,0,0,1,0,0,0,0,0,0,0,0,0,0,1,71,0,0,0,2,0,0,0,0,0,0,0,0
PER,0,0,0,0,0,0,13,0,0,4,4,0,0,9,0,0,1,0,0,0,0,0,0,0,11,28,0,0,0,0,0,7,7,11,1,0,1,0,0,0,8,0,5,1,0,0,0,18,0,0,4,1,0,9,1,0,18,0,0,1,0,21,0,0,24,0,0,0,0,0,0,0,0,0,3,0,0,0,0,1,0,3,2,0,0,0,0,2,8,0,0,3,0,2,0,2,0,0,0,0,0,0,0,0,0,0,0,0,0,0,0,0,0,0,0,14,0,0,0,0,0,0,0,0,0,0,3,0,0,0,0,1,0,4,0,0,2,0,1,4,0,0,0,0,0,1,0,0,0,0,3,0,0,0,0,0,0,0,0,0,0,0,0,0,0,5,0,0,0,0,0,3,0,0,0,0,1,0,0,0,0,3,3,120,0,0,0,7,0,0,0,0,0,0,0,0
PHL,0,0,0,0,0,0,1,0,0,25,2,0,0,4,0,2,5,0,0,0,0,0,0,0,0,9,0,0,0,0,0,17,8,3,27,1,0,0,0,0,4,0,3,0,0,1,0,18,0,0,8,0,0,0,0,0,9,0,2,1,0,16,0,0,25,0,0,0,0,0,0,1,0,0,1,0,0,0,0,0,3,7,21,2,3,0,3,3,9,0,1,74,0,5,0,0,0,2,0,4,0,0,0,0,0,1,0,0,0,1,1,0,0,0,0,4,0,0,0,0,0,1,0,0,0,0,1,11,1,0,0,1,0,13,2,4,3,0,2,0,0,0,0,1,2,0,0,0,0,0,3,0,1,1,1,8,0,0,0,0,0,0,0,0,1,7,0,0,1,0,0,19,0,0,0,0,1,4,6,0,1,0,0,102,0,0,0,0,8,0,0,0,0,2,0,2
PLW,0,0,0,0,0,0,0,0,0,1,0,0,0,0,0,0,0,0,0,0,0,0,0,0,0,0,0,0,0,0,0,0,0,0,0,0,0,0,0,0,0,0,0,0,0,0,0,0,0,0,0,0,0,0,0,0,0,0,0,0,0,0,0,0,0,0,0,0,0,0,0,0,0,0,0,0,0,0,0,0,0,0,0,0,0,0,0,0,0,0,0,0,0,0,0,0,0,0,0,0,0,0,0,0,0,0,0,0,0,0,0,0,0,0,0,0,0,0,0,0,0,0,0,0,0,0,0,0,0,0,0,0,0,0,0,0,0,0,0,0,0,0,0,0,0,0,0,0,0,0,0,0,0,0,0,0,0,0,0,0,0,0,0,0,0,0,0,0,0,0,0,0,0,0,0,0,0,0,0,0,0,0,0,2,0,0,0,0,0,0,0,0,0,0,0,0
PNG,0,0,0,0,0,0,0,0,0,21,0,0,0,0,0,0,0,0,0,0,0,0,0,0,0,1,0,0,0,1,0,2,4,0,0,0,0,0,0,0,0,0,1,0,0,0,1,5,0,0,0,0,0,0,0,0,0,0,0,0,1,1,0,0,7,0,0,0,0,0,0,0,0,0,0,0,0,0,0,0,0,3,0,0,0,0,0,0,0,0,0,2,0,0,0,0,0,0,0,0,0,0,0,0,0,0,0,0,0,0,0,0,0,0,0,0,0,0,0,0,0,0,0,0,0,0,0,2,0,0,0,0,0,1,0,0,0,0,0,0,0,1,0,0,0,0,0,0,0,0,0,0,0,0,0,0,0,0,0,0,0,0,0,0,0,0,0,0,0,0,0,0,0,0,0,0,0,0,0,0,0,0,0,16,0,0,0,0,0,0,0,0,0,0,0,0
POL,0,0,1,0,0,2,28,25,0,128,184,0,0,199,0,0,0,36,0,0,1,59,0,0,0,70,0,0,0,0,0,247,265,26,102,0,0,0,0,0,14,0,0,0,0,1,173,1138,0,0,139,0,6,10,10,0,216,17,0,90,0,761,0,0,594,9,1,0,0,0,0,75,0,0,1,0,0,0,19,0,99,3,85,24,4,0,3,99,432,0,1,279,15,0,0,0,0,99,0,0,3,0,0,0,0,0,0,30,0,11,9,1,15,0,0,50,0,2,0,0,0,1,0,0,0,0,0,2,0,1,0,3,0,217,69,0,14,0,3,0,0,2,0,0,0,35,0,0,0,50,498,0,4,1,0,10,0,0,0,0,0,0,0,107,62,252,0,0,1,0,0,2,0,1,0,0,1,20,64,1,0,237,0,1274,3,1,0,2,2,0,0,0,6,32,0,0
PRT,0,5,0,0,0,0,17,6,0,19,45,0,0,92,0,0,1,14,0,0,0,16,0,1,0,129,0,0,0,0,0,62,97,11,46,0,0,0,0,0,2,0,0,3,0,1,36,287,0,0,46,0,2,0,3,0,315,3,0,53,0,384,0,1,507,5,0,0,0,1,1,46,0,0,0,0,0,0,6,0,44,0,11,28,0,0,6,20,205,0,2,33,0,0,1,1,0,5,0,0,2,0,0,0,0,0,0,1,3,4,15,2,1,0,0,11,0,0,0,0,0,0,2,0,0,0,0,0,1,0,0,0,1,139,31,0,6,0,0,0,1,0,0,0,35,0,0,0,0,28,105,0,0,0,0,2,0,0,0,0,0,3,0,8,11,101,0,1,2,0,0,10,0,0,0,0,6,13,4,0,0,12,1,445,1,0,0,3,3,0,0,0,4,7,1,0
PRY,0,0,0,0,0,0,1,0,0,0,0,0,0,2,0,0,0,0,0,0,0,0,0,0,0,3,0,0,0,0,0,0,1,2,0,0,0,0,0,0,0,0,0,0,0,0,0,4,0,0,0,0,0,0,0,0,1,0,0,0,0,3,0,0,1,0,0,0,0,0,0,0,0,0,0,0,0,0,0,0,0,0,0,0,0,0,0,0,0,0,0,5,0,0,0,0,0,0,0,0,0,0,0,0,0,0,0,0,0,0,0,0,0,0,0,0,0,0,0,0,0,0,0,0,0,0,0,0,0,0,0,0,0,0,1,0,0,0,0,0,0,0,0,0,0,0,0,0,0,0,0,0,0,0,0,0,0,0,0,0,0,0,0,0,0,0,0,0,0,0,0,0,0,0,0,0,0,0,0,0,0,0,0,5,0,0,0,1,0,0,0,0,0,0,0,0
PSE,0,0,0,0,0,1,0,0,0,0,0,0,0,0,0,0,0,0,0,0,0,0,0,0,0,0,0,0,0,0,0,0,0,0,0,0,0,0,0,0,0,0,0,0,0,0,0,5,0,0,0,0,0,0,0,0,0,0,0,0,0,3,0,0,1,0,0,0,0,0,0,0,0,0,0,0,0,0,0,0,0,0,0,0,0,0,0,8,0,0,0,0,0,0,0,0,0,0,0,0,1,0,0,0,0,0,0,0,0,0,0,0,0,0,0,0,0,0,0,0,0,0,0,0,0,0,0,0,0,0,0,0,0,0,0,0,0,0,0,0,0,0,0,0,0,0,0,0,0,0,0,0,0,0,0,0,0,0,0,0,0,0,0,0,0,0,0,0,0,0,0,0,0,0,0,0,0,0,0,0,0,0,0,3,0,0,0,0,0,0,0,0,0,0,0,0
QAT,0,0,0,0,0,0,0,0,0,0,0,0,0,0,0,0,0,0,0,0,0,0,0,0,0,0,0,0,0,0,0,4,0,0,0,0,0,0,0,0,0,0,0,0,0,0,0,0,0,0,1,0,0,0,3,0,0,0,0,0,0,1,0,0,6,0,0,0,0,0,0,0,0,0,0,0,0,0,0,0,0,0,0,0,3,0,0,0,0,0,1,0,0,0,0,0,0,0,0,0,0,0,0,0,0,0,0,0,0,0,0,0,0,0,0,0,0,0,0,0,0,0,0,0,0,0,0,0,0,0,0,0,0,0,0,0,0,0,0,0,0,0,0,0,0,0,0,0,0,0,0,0,3,0,0,0,0,0,0,0,0,0,0,0,0,0,0,0,0,0,0,0,0,0,0,0,1,1,0,0,0,0,0,3,0,0,0,0,0,0,0,0,0,0,0,0
ROU,0,0,0,0,0,0,3,10,0,19,17,1,0,73,0,0,0,37,0,0,0,1,0,0,0,16,0,0,0,0,0,45,53,1,33,1,0,0,0,0,0,0,0,0,0,17,27,259,0,0,18,0,2,0,2,0,87,1,0,25,0,289,0,0,117,1,0,1,0,0,0,34,0,0,0,0,0,0,9,0,68,0,23,17,1,0,0,12,151,0,0,72,1,0,0,0,0,24,3,0,0,0,0,0,0,0,0,3,1,2,7,0,16,0,0,10,0,0,0,0,0,0,0,0,0,0,0,3,0,0,0,0,0,63,12,0,3,0,5,0,0,0,0,0,50,28,0,0,0,0,67,0,3,0,0,3,0,0,0,0,0,0,0,12,4,25,0,0,0,0,0,0,0,0,0,0,1,20,24,0,0,8,0,224,1,0,0,2,1,0,0,0,2,5,0,0
RUS,0,0,0,0,0,1,26,78,0,184,181,10,0,248,0,0,0,68,0,0,0,156,0,0,0,157,0,0,0,0,1,338,435,30,261,0,0,0,0,0,20,0,0,1,0,19,229,2593,0,0,170,0,3,11,11,0,326,33,0,270,0,1166,0,0,1024,37,0,0,0,0,0,146,0,0,0,0,0,0,22,1,108,0,112,39,11,0,5,203,756,0,4,755,53,0,10,0,0,265,0,0,3,0,0,0,0,1,0,25,2,27,8,0,27,1,0,147,0,2,2,0,0,9,0,0,0,0,1,0,0,0,0,0,0,361,134,1,29,1,2,0,3,3,0,0,498,105,0,0,0,67,0,1,1,0,1,4,0,0,0,0,1,0,0,92,63,531,0,0,0,0,0,3,10,6,0,0,2,47,133,0,1,316,2,2341,39,0,0,3,8,0,0,0,10,31,0,0
RWA,0,0,0,0,0,0,0,0,0,0,0,0,0,2,0,0,0,0,0,0,0,0,0,0,0,0,0,0,0,0,0,0,0,0,0,0,1,1,0,0,0,0,0,0,0,0,0,2,0,0,0,0,0,0,0,0,0,0,0,0,0,2,0,0,0,0,0,0,0,0,0,0,0,0,0,0,0,0,0,0,0,0,0,0,0,0,0,0,0,0,0,0,0,1,0,0,0,0,0,0,0,1,0,0,0,0,0,0,1,0,0,0,0,0,0,0,0,0,0,0,0,0,0,0,0,0,0,0,0,0,0,0,0,0,0,0,0,0,0,0,0,0,0,0,0,0,0,0,0,0,1,0,0,0,0,0,0,0,0,0,0,0,0,0,0,0,0,0,0,0,0,0,0,0,0,0,0,0,0,0,0,0,0,6,0,0,0,0,0,0,0,0,0,1,1,0
SAU,0,0,0,0,0,11,2,1,0,9,5,0,0,11,0,0,1,0,3,0,0,0,0,0,0,1,0,0,0,0,0,36,3,1,6,0,0,0,0,0,1,0,0,0,0,0,1,10,0,0,2,0,4,0,71,0,8,0,0,0,1,17,0,0,57,0,1,0,0,0,0,0,0,0,0,0,0,1,0,1,2,1,12,3,1,0,0,4,9,0,13,15,0,0,0,0,0,1,11,0,4,0,1,0,0,0,0,0,0,0,4,0,0,0,0,4,0,1,0,0,0,0,0,0,0,0,0,1,0,0,0,0,0,9,3,0,3,8,9,0,0,1,0,0,4,0,0,0,3,3,1,0,0,6,0,1,0,0,0,0,0,0,0,0,0,6,0,0,0,0,0,3,0,0,0,0,4,14,2,0,0,0,0,124,0,0,0,1,0,0,0,0,0,7,0,1
SDN,0,0,0,0,0,0,0,0,0,0,3,0,0,1,0,1,0,0,0,0,0,0,0,0,0,0,0,0,0,0,0,1,2,0,1,0,0,0,0,0,0,0,0,0,0,0,1,10,0,0,5,0,0,0,2,0,0,0,1,1,0,7,0,0,11,0,0,0,0,0,0,0,0,0,0,0,0,0,0,0,0,0,2,1,0,0,0,0,1,0,2,3,0,1,0,0,0,0,0,0,0,0,0,0,0,0,0,0,0,0,0,0,0,0,0,0,0,0,0,0,0,0,0,0,0,0,0,0,0,0,0,2,0,9,4,0,0,0,0,1,0,1,0,0,1,0,0,0,0,0,0,0,6,0,0,0,0,0,0,0,0,0,0,0,0,5,0,0,0,0,0,0,0,0,0,0,0,0,0,1,0,0,0,10,0,0,0,0,0,0,0,0,0,2,0,0
SEN,0,0,0,0,0,0,0,0,0,1,0,0,1,14,1,3,1,0,0,0,0,0,0,0,0,5,0,0,0,0,0,3,7,0,0,9,9,0,0,0,0,0,0,0,0,1,0,5,0,0,5,0,1,0,0,0,4,0,0,0,0,72,0,3,11,0,2,3,6,2,0,0,0,0,0,1,0,0,0,0,1,0,3,0,0,0,0,0,5,0,1,1,0,3,0,1,0,0,0,0,0,0,0,0,0,0,0,0,0,0,8,0,0,4,0,3,0,0,1,0,0,0,0,3,0,0,1,0,0,1,3,2,0,6,0,2,0,0,0,0,0,1,0,0,0,0,0,0,0,0,1,0,0,0,0,0,0,0,0,0,0,0,0,0,0,3,0,0,0,0,0,1,0,0,0,0,2,0,0,1,1,0,0,20,0,0,0,0,2,0,0,0,0,3,0,0
SGP,0,0,0,0,0,0,4,0,0,187,12,0,0,19,0,0,1,0,0,0,0,0,0,0,0,15,0,1,0,0,0,100,18,3,379,0,0,0,0,0,4,0,2,0,0,1,2,46,0,0,6,0,0,0,3,0,7,0,0,3,0,52,0,0,226,0,0,0,0,1,0,9,0,0,0,0,0,0,4,0,3,15,53,18,1,0,2,12,11,0,0,92,0,1,0,0,0,31,0,0,0,0,0,0,0,1,0,0,0,0,0,0,0,0,0,6,0,0,0,0,1,0,0,0,0,0,0,16,0,0,0,0,0,17,4,0,31,1,2,1,0,8,0,0,10,2,0,0,0,3,4,0,1,0,0,0,0,0,0,0,0,0,0,0,1,15,0,0,0,0,0,16,0,0,0,0,1,1,51,0,0,4,0,508,0,0,0,0,4,0,0,0,1,1,1,0
SLB,0,0,0,0,0,0,0,0,0,1,0,0,0,0,0,0,1,0,0,0,0,0,0,0,0,0,0,0,0,0,0,0,1,0,0,0,0,0,0,0,0,0,0,0,0,0,0,1,0,0,0,0,0,0,0,0,0,0,0,0,0,0,0,0,0,0,0,0,0,0,0,0,0,0,0,0,0,0,0,0,0,0,0,0,0,0,0,0,0,0,0,1,0,0,0,0,0,0,0,0,0,0,0,0,0,0,0,0,0,0,0,0,0,0,0,0,0,0,0,0,0,0,0,0,0,0,0,0,0,0,0,0,0,0,0,0,0,0,0,0,0,0,0,0,0,0,0,0,0,0,0,0,0,0,0,0,0,0,0,0,0,0,0,0,1,0,0,0,0,0,0,0,0,0,0,0,0,0,0,0,0,0,0,0,0,0,0,0,0,0,0,0,0,0,0,0
SLE,0,0,0,0,0,0,0,0,0,0,0,0,0,0,0,0,0,0,0,0,0,0,0,0,0,0,0,0,0,0,0,0,0,0,1,0,0,0,0,0,0,0,0,0,0,0,0,0,0,0,1,0,0,0,0,0,0,0,0,0,0,0,0,0,2,0,0,0,0,0,0,0,0,0,0,0,0,0,0,0,0,0,0,0,0,0,0,0,0,0,0,0,0,0,0,0,0,0,0,0,0,1,0,0,0,0,0,0,0,0,0,0,0,0,0,0,0,0,0,0,0,0,0,0,0,0,0,0,0,0,0,0,0,0,0,0,0,0,0,0,0,0,0,0,0,0,0,0,0,0,0,0,0,0,0,0,0,0,0,0,0,0,0,0,0,0,0,0,0,0,0,0,0,0,0,0,0,0,0,0,0,0,0,2,0,0,0,0,0,0,0,0,0,0,0,0
SLV,0,0,0,0,0,0,1,0,0,0,0,0,0,0,0,0,0,0,0,0,0,0,0,0,0,1,0,0,0,0,0,0,1,0,0,0,0,0,0,0,1,0,2,0,0,0,0,1,0,0,0,0,0,0,0,0,3,0,0,1,0,1,0,0,2,0,0,0,0,0,0,0,0,0,0,0,0,0,0,0,0,0,0,0,0,0,0,0,0,0,0,1,0,0,0,0,0,0,0,0,0,0,0,0,0,0,0,1,0,0,0,0,0,0,0,0,0,0,0,0,0,0,0,0,0,0,0,0,0,0,0,0,1,1,0,0,0,0,0,0,0,0,0,0,0,0,0,0,0,0,0,0,0,0,0,0,0,0,0,0,0,0,0,0,0,1,0,0,0,0,0,0,0,0,0,0,0,0,0,0,0,0,0,5,0,0,0,0,0,0,0,0,0,0,0,0
SOM,0,0,0,0,0,0,0,0,0,0,0,0,0,0,0,0,0,0,0,0,0,0,0,0,0,0,0,0,0,0,0,0,0,0,0,0,0,0,0,0,0,0,0,0,0,0,0,0,0,0,0,0,0,0,0,0,0,0,0,0,0,0,0,0,0,0,0,0,0,0,0,0,0,0,0,0,0,0,0,0,0,0,0,0,0,0,0,0,0,0,0,0,0,0,0,0,0,0,0,0,0,0,0,0,0,0,0,0,0,0,0,0,0,0,0,0,0,0,0,0,0,0,0,0,0,0,0,0,0,0,0,0,0,0,0,0,0,0,0,0,0,0,0,0,0,0,0,0,0,0,0,0,0,0,0,0,0,0,0,0,0,0,0,0,0,1,0,0,0,0,0,0,0,0,0,0,0,0,0,0,0,0,0,0,0,0,0,0,0,0,0,0,0,0,0,0
SRB,0,0,0,0,0,0,0,0,0,2,2,0,0,0,0,0,0,0,0,0,0,0,0,0,0,0,0,0,0,0,0,0,1,0,1,0,0,0,0,0,0,0,0,0,0,0,0,3,0,0,0,0,0,0,0,0,1,0,0,0,0,0,0,0,1,0,0,0,0,0,0,0,0,0,0,0,0,0,0,0,0,0,0,0,0,0,0,0,0,0,0,0,0,0,0,0,0,0,0,0,0,0,0,0,0,0,0,0,0,0,0,0,0,0,0,0,0,1,0,0,0,0,0,0,0,0,0,0,0,0,0,0,0,0,1,0,0,0,0,0,0,0,0,0,0,0,0,0,0,0,1,0,0,0,0,0,0,0,0,0,0,0,0,0,1,0,0,0,0,0,0,0,0,0,0,0,0,0,1,0,0,0,0,3,0,0,0,0,0,0,0,0,1,0,0,0
STP,0,0,0,0,0,0,0,0,0,0,0,0,0,0,0,0,0,0,0,0,0,0,0,0,0,0,0,0,0,0,0,0,0,0,0,0,0,0,0,0,0,0,0,0,0,0,0,0,0,0,1,0,0,0,0,0,0,0,0,0,0,0,0,1,1,0,0,0,0,0,0,0,0,0,0,0,0,0,0,0,0,0,0,0,0,0,0,0,0,0,0,0,0,0,0,0,0,0,0,0,0,0,0,0,0,0,0,0,0,0,0,0,0,0,0,0,0,0,0,0,0,0,0,0,0,0,0,0,0,0,0,0,0,0,0,0,0,0,0,0,0,0,0,0,0,3,0,0,0,0,0,0,0,0,0,0,0,0,0,0,0,0,0,0,0,0,0,0,0,0,0,0,0,0,0,0,0,0,0,0,0,0,0,1,0,0,0,0,0,0,0,0,0,0,0,0
SUR,0,0,0,0,0,0,0,0,0,0,0,0,0,0,0,0,0,0,0,1,0,0,0,0,0,0,0,0,0,0,0,0,1,0,0,0,0,0,0,0,0,0,0,0,0,0,0,0,0,0,0,0,0,0,0,0,0,0,0,0,0,3,0,0,3,0,0,0,0,0,0,0,0,0,0,0,0,0,0,0,0,0,0,0,0,0,0,0,0,0,0,0,0,0,0,0,0,0,0,0,0,0,0,0,0,0,0,0,0,0,0,0,0,0,0,0,0,0,0,0,0,0,0,0,0,0,0,0,0,0,0,0,0,4,0,0,0,0,0,0,0,0,0,0,0,0,0,0,0,0,0,0,0,0,0,0,0,0,0,0,0,0,0,0,0,0,0,0,0,0,0,0,0,0,0,4,0,0,0,0,0,0,0,2,0,0,0,0,0,0,0,0,0,0,0,0
SVK,0,0,1,0,0,0,1,16,0,12,124,0,0,42,0,0,0,6,0,0,1,2,0,0,0,5,0,0,0,0,0,21,45,0,5,0,0,0,0,0,0,0,0,1,0,0,206,249,0,0,19,0,0,0,2,0,43,1,0,35,0,100,0,0,136,1,0,0,0,0,0,31,0,0,0,0,0,0,15,0,31,1,5,8,1,1,1,15,87,0,0,47,0,0,0,0,0,5,3,0,0,0,2,0,0,0,0,4,0,4,2,0,0,0,0,16,0,0,0,0,0,0,0,0,0,0,0,0,0,0,0,0,0,39,15,0,3,0,0,0,0,0,0,0,107,8,0,0,0,12,92,0,0,0,0,0,0,0,0,0,0,0,0,0,18,49,0,0,0,0,0,0,0,0,0,0,0,7,1,0,0,23,0,174,1,0,0,1,0,0,0,0,6,5,0,0
SVN,0,0,0,0,0,0,0,0,0,40,81,0,0,20,0,0,0,8,0,0,4,5,0,0,0,5,0,0,0,0,0,13,69,1,34,0,0,0,0,0,1,0,1,0,0,2,26,147,0,0,19,0,0,0,0,0,27,2,0,20,0,63,0,0,79,3,0,0,0,0,0,28,0,0,0,0,0,0,75,0,20,0,35,2,0,0,1,14,74,0,0,58,0,1,0,0,0,30,2,0,0,0,0,0,1,0,0,5,0,5,0,0,0,0,0,6,0,3,0,0,0,1,0,0,0,0,0,0,0,0,0,0,0,35,20,0,3,0,0,0,0,1,0,0,62,11,0,0,0,4,63,0,0,0,0,1,1,0,0,0,1,0,0,18,0,34,0,0,0,0,0,1,2,0,0,0,0,3,34,0,0,4,0,190,0,0,0,0,0,0,0,0,9,2,0,0
SWE,0,0,2,0,0,8,29,19,0,294,171,0,0,294,0,1,16,36,0,0,2,21,0,1,2,103,0,0,0,2,1,367,333,36,226,0,5,2,0,0,5,0,19,5,0,1,106,1235,0,0,695,0,2,4,7,1,377,92,31,705,0,786,0,0,1443,9,3,0,3,7,0,121,0,2,1,0,0,2,13,1,119,7,77,78,8,0,57,103,597,0,4,384,1,12,1,0,0,66,4,1,5,0,1,0,0,2,0,51,5,35,3,1,5,1,0,33,0,2,0,2,0,1,8,0,0,0,1,7,0,0,0,8,3,559,578,1,51,0,7,2,5,7,0,0,252,101,0,0,0,25,531,0,6,5,3,15,0,0,1,1,0,0,0,49,34,0,0,0,1,0,0,19,1,0,0,0,4,32,26,25,2,68,11,2359,0,0,0,7,22,0,0,0,15,43,3,10
SWZ,0,0,0,0,0,0,0,0,0,0,0,0,0,0,0,0,0,0,0,0,0,0,0,0,0,0,0,0,0,1,0,0,0,0,0,0,0,0,0,0,0,0,0,0,0,0,0,0,0,0,0,0,0,0,0,0,0,0,0,0,0,0,0,0,1,0,0,0,0,0,0,0,0,0,0,0,0,0,0,0,0,0,0,0,0,0,0,0,0,0,0,0,0,0,0,0,0,0,0,0,0,0,0,0,0,0,1,0,0,0,0,0,0,0,0,0,0,0,0,0,0,0,0,0,0,0,1,0,1,0,0,0,0,0,0,0,0,0,0,0,0,0,0,0,0,0,0,0,0,0,0,0,0,0,0,0,0,0,0,0,0,0,0,0,0,0,0,0,0,0,0,0,0,0,0,1,0,0,0,0,0,0,0,1,0,0,0,0,0,0,0,0,0,2,0,1
SYC,0,0,0,0,0,0,0,0,0,0,0,0,0,0,0,0,0,0,0,0,0,0,0,0,0,0,0,0,0,0,0,0,5,0,0,0,0,0,0,0,0,0,0,0,0,0,0,0,0,0,0,0,0,0,0,0,0,0,0,1,0,0,0,0,2,0,0,0,0,0,0,0,0,0,0,0,0,0,0,0,0,0,0,0,0,0,0,0,0,0,0,0,0,0,0,0,0,0,0,0,0,0,0,0,0,0,0,0,0,0,0,0,0,0,0,0,0,0,0,0,0,0,0,0,0,0,0,0,0,0,0,0,0,0,0,0,0,0,0,0,0,0,0,0,0,1,0,0,0,0,0,0,0,0,0,0,0,0,0,0,0,0,0,0,0,0,0,0,0,0,0,0,0,0,0,0,0,0,0,0,0,0,0,2,0,0,0,0,0,0,0,0,0,0,0,0
SYR,0,0,0,0,0,0,1,0,0,5,0,0,0,3,0,0,1,0,0,0,0,0,0,0,0,1,0,0,0,0,0,0,0,0,1,0,0,0,0,0,0,0,0,0,0,0,0,7,0,0,0,0,0,0,6,0,0,0,0,0,0,11,0,0,7,0,0,0,0,0,0,1,0,0,0,0,0,0,0,0,2,1,4,0,2,0,0,0,2,0,0,4,0,1,0,0,0,0,0,0,3,0,0,0,0,0,0,0,0,0,0,0,0,0,0,1,0,0,0,0,0,0,0,0,0,0,0,0,0,0,0,1,0,2,0,0,0,0,1,0,0,1,0,0,1,2,0,0,0,0,0,0,0,0,0,0,0,0,0,0,0,0,0,0,0,1,0,0,0,0,0,0,0,0,0,0,1,2,1,0,0,0,0,13,0,0,0,0,1,0,0,0,0,0,0,0
TCD,0,0,0,0,0,0,0,0,0,0,0,0,0,1,0,0,0,0,0,0,0,0,0,0,0,0,0,0,0,0,0,0,2,0,0,0,1,0,0,0,0,0,0,0,0,0,0,0,0,0,0,0,0,0,0,1,2,0,1,0,0,8,0,0,2,0,0,0,0,0,0,0,0,0,0,0,0,0,0,0,0,0,0,0,0,0,0,0,0,0,0,0,0,1,0,0,0,0,0,0,0,0,0,0,0,0,0,0,0,0,0,0,0,0,0,0,0,0,0,0,0,0,0,0,0,0,0,0,0,0,1,0,0,0,0,0,0,0,0,0,0,0,0,0,0,0,0,0,0,0,0,0,0,0,0,0,0,0,0,0,0,0,0,0,0,0,0,0,0,0,0,0,0,0,0,0,0,0,0,0,0,0,0,4,0,0,0,0,0,0,0,0,0,0,0,0
TGO,0,0,0,0,0,0,0,0,0,0,0,0,0,0,4,1,0,0,0,0,0,0,0,0,0,0,0,0,0,0,0,0,1,0,0,1,0,0,0,0,0,0,0,0,0,0,0,2,0,0,0,0,0,0,0,0,1,0,0,0,0,8,0,0,1,0,1,0,0,0,0,0,0,0,0,0,0,0,0,0,0,0,0,0,0,0,0,0,0,0,0,0,0,0,0,0,0,0,0,0,0,0,0,0,0,0,0,0,0,0,0,0,0,0,0,0,0,0,0,0,0,0,0,0,0,0,0,0,0,0,1,0,0,0,0,0,0,0,0,0,0,0,0,0,0,0,0,0,0,0,0,0,0,0,0,0,0,0,0,0,0,0,0,0,0,0,0,0,0,0,0,0,0,0,0,0,0,0,0,0,0,0,0,2,0,0,0,0,0,0,0,0,0,1,0,1
THA,0,0,0,0,0,0,5,0,0,99,23,0,0,10,1,0,7,0,0,0,0,0,0,0,0,13,0,1,0,0,0,41,22,2,77,1,1,0,0,0,6,0,2,2,0,1,1,41,0,0,25,0,0,0,3,0,14,0,0,5,0,41,0,0,149,0,1,0,0,0,0,4,0,0,1,0,0,0,0,0,3,18,20,0,0,0,1,7,12,0,1,271,0,9,0,3,0,14,0,2,0,0,0,0,0,4,0,0,1,0,2,0,0,1,0,7,0,3,0,0,4,0,0,0,0,0,1,49,0,1,0,1,0,27,4,4,9,0,5,1,3,19,0,0,2,10,0,0,0,0,3,0,3,0,1,16,0,0,0,0,0,0,0,0,1,19,0,0,0,0,0,0,0,0,0,2,1,5,24,1,4,0,0,385,1,0,0,2,15,0,0,1,0,10,0,3
TJK,0,0,0,0,0,0,0,0,0,0,0,0,0,0,0,0,0,0,0,0,0,0,0,0,0,0,0,0,0,0,0,0,0,0,1,0,0,0,0,0,0,0,0,0,0,0,1,1,0,0,0,0,0,0,0,0,0,1,0,1,0,1,0,0,1,0,0,0,0,0,0,0,0,0,0,0,0,0,0,0,0,0,0,0,1,0,0,0,0,0,0,2,0,0,0,0,0,0,0,0,0,0,0,0,0,0,0,0,0,0,0,0,0,0,0,0,0,0,0,0,0,0,0,0,0,0,0,0,0,0,0,0,0,0,0,0,0,0,0,0,0,0,0,0,0,0,0,0,0,0,10,0,0,0,0,0,0,0,0,0,0,0,0,0,2,1,0,0,0,0,0,0,0,0,0,0,0,0,0,0,0,1,0,0,1,0,0,0,0,0,0,0,0,0,0,0
TKM,0,0,0,0,0,0,0,0,0,0,0,0,0,0,0,0,0,0,0,0,0,0,0,0,0,0,0,0,0,0,0,0,1,0,0,0,0,0,0,0,0,0,0,0,0,0,0,0,0,0,0,0,0,0,0,0,0,0,0,0,0,0,0,0,0,0,0,0,0,0,0,0,0,0,0,0,0,0,0,0,0,0,0,0,0,0,0,1,0,0,0,0,0,0,0,0,0,0,0,0,0,0,0,0,0,0,0,0,0,0,0,0,0,0,0,1,0,0,0,0,0,0,0,0,0,0,0,0,0,0,0,0,0,0,0,0,0,0,0,0,0,0,0,0,1,0,0,0,0,0,6,0,0,0,0,0,0,0,0,0,0,0,0,0,0,0,0,0,0,0,0,0,0,0,0,0,0,3,0,0,0,0,0,0,0,0,0,0,0,0,0,0,0,0,0,0
TON,0,0,0,0,0,0,0,0,0,0,0,0,0,0,0,0,0,0,0,0,0,0,0,0,0,0,0,0,0,0,0,0,0,0,0,0,0,0,0,0,0,0,0,0,0,0,0,0,0,0,0,0,0,0,0,0,0,0,0,0,0,0,0,0,0,0,0,0,0,0,0,0,0,0,0,0,0,0,0,0,0,0,0,0,0,0,0,0,0,0,0,0,0,0,0,0,0,0,0,0,0,0,0,0,0,0,0,0,0,0,0,0,0,0,0,0,0,0,0,0,0,0,0,0,0,0,0,0,0,0,0,0,0,0,0,0,1,0,0,0,0,0,0,0,0,0,0,0,0,0,0,0,0,0,0,0,0,0,0,0,0,0,0,0,0,0,0,0,0,0,0,0,0,0,0,0,0,0,0,0,0,0,0,0,0,0,0,0,0,0,0,0,0,0,0,0
TTO,0,0,0,0,1,0,1,0,0,2,0,0,0,0,0,1,0,0,0,3,0,0,1,0,0,0,2,0,0,0,0,6,0,0,2,0,0,0,0,0,0,0,0,0,0,0,0,0,0,0,1,3,0,1,0,0,0,0,0,1,0,5,0,0,24,0,0,0,0,0,0,1,0,0,0,0,1,0,0,3,0,0,2,0,0,0,0,0,1,1,0,1,0,0,0,0,1,0,0,0,0,0,0,0,0,1,0,0,0,0,0,0,0,0,0,0,0,0,0,0,0,0,0,0,0,0,0,0,0,0,0,1,0,4,0,0,0,1,1,0,0,0,0,0,0,0,0,0,0,0,0,0,0,0,0,0,0,0,0,0,0,0,4,0,0,0,1,0,0,0,0,2,0,0,0,0,0,0,0,0,1,0,0,32,1,0,1,2,0,0,0,0,0,1,0,0
TUN,0,0,0,0,0,0,1,0,0,2,2,0,0,17,0,0,0,1,0,0,1,0,0,0,0,2,0,0,0,0,0,11,7,0,0,1,1,0,0,0,0,0,0,0,0,1,2,20,0,0,0,0,5,0,3,0,4,0,0,1,0,302,0,1,15,0,0,0,0,0,0,1,0,0,0,1,0,0,0,0,0,0,5,0,0,0,0,1,17,0,0,8,0,0,0,1,0,1,1,0,1,0,0,0,0,0,0,0,0,0,11,1,0,1,0,0,0,1,0,0,0,0,0,3,0,0,0,1,0,1,0,0,0,2,1,0,1,0,0,0,1,1,0,0,1,6,0,0,1,1,2,0,4,0,2,1,0,0,0,0,0,0,0,0,0,4,0,0,1,0,0,1,0,0,0,0,0,1,1,0,0,0,0,22,0,0,0,1,3,0,0,1,0,0,0,0
TUR,0,0,1,0,0,3,5,0,0,28,21,40,0,40,0,0,2,15,1,0,1,1,0,0,0,10,0,0,0,0,0,60,41,3,14,0,0,0,0,0,1,0,0,0,0,5,14,185,0,0,22,0,2,0,4,0,44,0,0,26,0,117,0,0,322,1,0,0,0,0,0,13,0,0,0,0,0,0,4,0,16,1,7,9,3,0,1,56,105,0,3,101,2,0,0,0,0,18,2,0,2,0,0,0,0,1,0,1,1,3,2,2,0,0,0,10,0,10,0,0,0,0,0,0,0,0,0,8,0,0,0,0,0,55,6,0,2,2,8,0,0,4,0,0,20,13,0,0,1,20,47,0,14,0,0,1,0,0,0,0,0,0,0,7,3,32,0,0,2,0,0,5,0,3,0,0,1,0,6,1,0,47,2,666,3,0,0,2,1,0,0,0,4,8,0,0
TWN,0,0,0,0,0,0,1,3,0,125,36,0,0,11,0,0,2,18,0,0,0,1,0,0,0,14,0,0,0,0,0,181,107,2,376,0,0,0,0,0,1,0,0,1,0,17,12,174,0,0,12,0,0,0,5,0,55,0,0,10,0,81,0,0,169,0,1,0,0,0,0,14,0,0,0,0,0,0,0,0,27,4,147,6,11,0,0,24,69,0,0,283,0,0,0,0,0,150,4,0,0,0,0,0,0,1,0,4,0,0,2,0,0,0,0,10,0,0,0,0,0,1,0,0,0,0,0,8,0,0,0,2,0,33,3,1,13,0,1,0,0,6,0,0,64,4,0,0,0,24,133,0,2,0,0,51,0,0,0,0,1,0,0,1,34,26,0,0,1,0,0,24,0,0,0,0,1,6,0,0,0,19,0,1339,2,0,0,2,5,0,0,0,2,11,0,0
TZA,0,0,0,0,0,0,0,0,0,2,0,0,0,10,0,1,0,0,0,0,0,0,0,0,0,0,0,0,0,1,0,4,21,0,0,0,3,0,0,0,0,0,0,0,0,0,0,8,0,0,21,0,0,0,1,0,5,0,0,3,0,2,0,0,62,0,4,0,0,0,0,0,0,0,0,0,0,0,0,0,0,0,1,0,0,0,0,0,7,0,0,10,0,17,0,0,0,1,0,0,0,0,0,0,0,0,0,0,0,0,0,0,0,0,0,1,0,0,1,0,0,0,0,0,0,0,1,0,0,0,0,5,0,11,12,0,0,0,0,0,0,0,0,0,1,0,0,0,0,0,0,0,0,1,1,0,0,0,0,0,0,0,0,0,0,25,0,0,0,0,0,1,0,0,0,0,0,1,0,0,5,0,0,39,0,0,0,0,0,0,0,0,0,4,2,3
UGA,0,0,0,0,0,0,1,0,0,1,0,0,0,4,1,2,0,0,0,0,0,0,0,0,0,2,0,0,0,0,1,8,9,0,0,0,2,1,1,0,1,0,0,0,0,2,0,6,0,0,3,0,0,0,1,0,1,0,1,0,0,5,0,0,46,0,2,0,0,0,1,0,0,0,0,0,0,0,0,0,0,0,2,0,0,0,0,0,4,0,1,1,0,15,0,0,0,1,0,0,0,0,0,0,0,0,0,0,0,0,1,0,0,0,0,0,0,0,1,0,0,0,0,0,0,0,2,0,0,0,0,7,0,7,4,1,0,0,0,0,0,1,0,0,0,0,0,0,0,0,1,0,0,0,1,0,0,0,0,0,0,0,0,0,0,2,0,0,0,0,0,4,0,0,0,1,0,0,0,5,0,0,0,49,1,0,0,0,0,0,0,0,0,5,1,2
UKR,0,0,0,0,0,1,7,4,0,24,43,1,0,41,0,0,0,11,0,0,0,16,0,0,0,31,0,1,0,0,0,34,40,11,16,0,0,0,0,0,3,0,2,3,0,0,41,428,0,0,28,0,1,0,1,0,63,5,0,22,0,145,0,0,122,2,0,0,0,0,0,29,0,0,0,0,0,0,7,0,19,0,11,2,2,0,0,54,80,0,0,90,2,0,0,0,0,34,0,0,0,0,0,0,0,0,0,6,0,13,0,0,8,0,0,39,0,0,0,0,0,0,0,0,0,0,0,1,0,0,0,0,0,47,10,0,4,1,1,0,3,0,0,0,237,12,0,0,0,8,316,0,0,0,0,4,0,0,0,0,0,0,0,23,4,68,0,0,0,0,0,0,1,0,0,0,0,47,19,0,0,0,1,335,3,0,0,1,2,0,0,0,1,9,0,0
URY,0,0,0,0,0,0,42,0,0,1,4,0,0,6,0,0,0,0,0,0,0,0,0,0,3,43,0,0,0,0,0,2,1,14,1,0,0,0,0,0,3,0,2,2,0,0,0,15,0,0,1,0,0,2,0,0,32,0,0,0,0,28,0,0,20,0,0,0,0,0,0,1,0,0,1,0,0,1,0,0,0,0,1,5,0,0,0,5,9,0,0,3,0,0,0,0,0,1,0,0,0,0,0,0,0,0,0,0,0,0,0,0,0,0,0,16,0,0,0,0,0,0,0,0,0,0,0,0,0,0,0,0,0,6,1,0,0,0,0,1,3,0,0,0,0,1,0,0,0,0,2,0,0,0,0,0,0,0,0,0,0,0,0,0,0,11,0,0,0,0,0,0,0,0,0,0,0,2,0,0,0,1,0,69,0,0,0,2,0,0,0,0,0,1,0,0
USA,0,1,2,0,2,57,694,51,0,3320,1079,7,0,1606,7,11,66,157,3,5,6,69,5,12,38,1868,13,8,0,15,6,8106,2862,521,3521,22,24,0,2,0,183,0,101,19,1,47,516,9768,0,0,1382,12,14,53,270,4,2592,51,28,1064,9,5840,1,8,9727,48,38,1,7,1,0,683,1,1,43,3,3,18,127,15,716,86,1267,380,125,2,73,2348,4820,37,56,6944,29,152,6,11,2,2533,71,4,74,2,1,0,2,22,0,62,12,28,55,5,19,17,0,1130,1,4,15,2,4,9,1,1,2,2,31,68,2,2,4,66,11,3061,796,42,673,17,83,71,120,102,2,16,1274,445,5,3,3,224,2341,6,124,10,20,508,0,2,5,0,3,1,2,174,190,2359,1,2,13,4,2,385,0,0,0,32,22,666,1339,39,49,335,69,0,24,3,1,216,51,0,2,1,79,548,24,51
UZB,0,0,0,0,0,0,2,0,0,2,2,1,0,1,0,0,0,0,0,0,0,0,0,0,0,3,0,0,0,0,0,5,1,1,7,0,0,0,0,0,0,0,0,0,0,0,1,26,0,0,1,0,0,0,0,0,4,0,0,1,0,5,0,0,8,1,0,0,0,0,0,2,0,0,0,0,0,0,0,0,0,0,4,1,1,0,0,4,6,0,0,11,1,0,1,0,0,7,0,0,0,0,0,0,0,0,0,1,0,0,1,0,0,0,0,3,0,0,0,0,0,0,0,0,0,0,0,2,0,0,0,0,0,0,1,0,1,0,0,0,0,0,0,0,3,1,0,0,0,1,39,0,0,0,0,0,0,0,0,0,0,0,0,1,0,0,0,0,0,0,0,1,1,0,0,1,0,3,2,0,1,3,0,24,0,0,0,0,0,0,0,0,0,0,0,0
VAT,0,0,0,0,0,0,0,0,0,0,0,0,0,0,0,0,0,0,0,0,0,0,0,0,0,0,0,0,0,0,0,1,0,0,0,0,0,0,0,0,0,0,0,0,0,0,0,0,0,0,0,0,0,0,0,0,0,0,0,0,0,0,0,0,1,0,0,0,0,0,0,0,0,0,0,0,0,0,0,0,0,0,0,0,0,0,0,0,0,0,0,0,0,0,0,0,0,0,0,0,0,0,0,0,0,0,0,0,0,0,0,0,0,0,0,0,0,0,0,0,0,0,0,0,0,0,0,0,0,0,0,0,0,0,0,0,0,0,0,0,0,0,0,0,1,0,0,0,0,0,0,0,0,0,0,0,0,0,0,0,0,0,0,0,0,0,0,0,0,0,0,0,0,0,0,0,0,0,0,0,0,0,0,3,0,0,0,0,0,0,0,0,0,0,0,0
VCT,0,0,0,0,1,0,0,0,0,0,0,0,0,0,0,0,0,0,0,1,0,0,1,0,0,0,1,0,0,0,0,0,0,0,0,0,0,0,0,0,0,0,0,0,0,0,0,0,0,0,0,1,0,0,0,0,0,0,0,0,0,0,0,0,1,0,0,0,0,0,0,0,0,0,0,0,0,0,0,1,0,0,0,0,0,0,0,0,0,1,0,0,0,0,0,0,1,0,0,0,0,0,0,0,0,0,0,0,0,0,0,0,0,0,0,0,0,0,0,0,0,0,0,0,0,0,0,0,0,0,0,0,0,1,0,0,0,0,0,0,0,0,0,0,0,0,0,0,0,0,0,0,0,0,0,0,0,0,0,0,0,0,0,0,0,0,0,0,0,0,0,0,0,0,0,1,0,0,0,0,0,0,0,1,0,0,0,0,0,0,0,0,0,0,0,0
VEN,0,0,0,0,0,0,24,0,0,5,4,0,0,7,0,0,0,0,0,0,0,0,0,0,1,34,0,0,0,0,1,28,4,14,6,0,2,0,0,0,18,0,4,3,0,0,0,24,0,0,3,2,0,2,0,0,83,1,0,1,0,73,0,0,45,0,0,0,0,0,0,1,0,0,1,0,0,1,0,2,4,1,2,1,0,0,0,5,29,1,0,4,0,3,0,0,0,0,0,0,0,0,0,0,0,0,0,0,0,0,2,0,0,1,0,53,0,0,0,0,0,0,0,0,0,0,0,0,0,0,0,0,0,5,0,0,0,0,0,2,7,0,0,0,2,3,1,0,0,2,3,0,1,0,0,0,0,0,0,0,0,0,0,1,0,7,0,0,0,0,0,2,0,0,0,2,1,2,2,0,0,1,2,216,0,0,0,0,1,0,0,0,1,1,0,0
VNM,0,0,0,0,0,0,2,0,0,26,4,0,0,21,0,0,5,3,0,0,1,0,0,0,0,4,0,0,0,0,1,8,4,0,12,1,1,0,0,0,2,0,0,0,0,0,0,19,0,0,3,0,1,0,0,0,2,0,0,1,0,58,0,0,45,1,0,0,0,0,0,1,0,0,0,1,0,0,1,1,0,12,9,0,0,0,0,0,3,0,0,47,0,0,0,3,0,10,0,2,0,0,0,0,0,2,0,0,0,0,2,0,0,2,0,0,0,0,0,0,1,1,0,0,0,0,0,3,0,1,0,0,0,20,1,1,0,0,0,0,0,8,0,0,2,3,0,0,0,1,8,0,0,0,2,4,0,0,0,0,0,0,0,0,0,22,0,0,1,0,0,15,0,0,0,0,3,1,5,0,0,2,0,51,0,0,0,1,0,0,0,0,0,2,0,0
VUT,0,0,0,0,0,0,0,0,0,1,0,0,0,0,0,0,0,0,0,0,0,0,0,0,0,0,0,0,0,0,0,0,0,0,0,0,0,0,0,0,0,0,0,0,0,0,0,0,0,0,0,0,0,0,0,0,0,0,0,0,1,0,0,0,1,0,0,0,0,0,0,0,0,0,0,0,0,0,0,0,0,1,0,0,0,0,0,0,0,0,0,0,0,0,0,0,0,0,0,0,0,0,0,0,0,0,0,0,0,0,0,0,0,0,0,0,0,0,0,0,0,0,0,0,0,0,0,0,0,0,0,0,0,0,0,0,0,0,0,0,0,0,0,0,0,0,0,0,0,0,0,0,0,0,0,0,0,0,0,0,0,0,0,0,0,0,0,0,0,0,0,0,0,0,0,0,0,0,0,0,0,0,0,0,0,0,0,0,0,0,0,0,0,0,0,0
WSM,0,0,0,0,0,0,0,0,0,1,0,0,0,0,0,0,0,0,0,0,0,0,0,0,0,0,0,0,0,0,0,0,0,0,0,0,0,0,0,0,0,0,0,0,0,0,0,0,0,0,0,0,0,0,0,0,0,0,0,0,1,0,0,0,0,0,0,0,0,0,0,0,0,0,0,0,0,0,0,0,0,0,0,0,0,0,0,0,0,0,0,1,0,0,0,0,0,0,0,0,0,0,0,0,0,0,0,0,0,0,0,0,0,0,0,0,0,0,0,0,0,0,0,0,0,0,0,0,0,0,0,0,0,0,0,0,0,0,0,0,0,0,0,0,0,0,0,0,0,0,0,0,0,0,0,0,0,0,0,0,0,0,0,0,0,0,0,0,0,0,0,0,0,0,0,0,0,0,0,0,0,0,0,2,0,0,0,0,0,0,0,0,0,0,0,0
YEM,0,0,0,0,0,0,0,0,0,0,0,0,0,0,0,0,0,0,0,0,0,0,0,0,0,0,0,0,0,0,0,0,0,0,1,0,0,0,0,0,0,0,0,0,0,0,0,0,0,0,0,0,0,0,1,0,0,0,0,0,0,1,0,0,3,0,0,0,0,0,0,0,0,0,0,0,0,0,0,0,0,0,6,0,0,0,0,0,0,0,0,1,0,0,0,0,0,0,0,0,0,0,0,0,0,0,0,0,0,0,0,0,0,0,0,0,0,0,0,0,0,0,0,0,0,0,0,0,0,0,0,0,0,1,0,0,0,0,0,0,0,0,0,0,0,0,0,0,0,0,0,0,0,0,0,0,0,0,0,0,0,0,0,0,0,0,0,0,0,0,0,1,0,0,0,0,1,0,0,0,0,0,0,1,0,0,0,0,0,0,0,0,0,0,0,0
YUG,0,0,1,0,0,5,2,0,0,11,16,0,0,17,0,0,0,8,0,0,5,2,0,0,0,9,0,0,0,0,0,13,9,3,10,0,0,0,0,0,0,0,0,0,0,1,4,85,0,0,9,0,1,0,2,0,24,1,0,7,0,33,0,0,56,0,0,0,0,0,0,20,0,0,0,0,0,0,5,0,16,0,2,1,0,0,1,8,37,0,1,25,0,0,0,0,0,3,0,0,0,0,0,0,0,0,0,1,0,1,0,0,0,0,0,3,0,8,0,1,0,0,0,0,0,0,0,0,0,0,0,0,0,15,0,0,0,0,1,0,0,0,0,0,6,4,0,0,0,2,10,0,0,0,0,1,0,0,0,0,1,0,0,6,9,15,0,0,0,0,0,0,0,0,0,0,0,4,2,0,0,1,0,79,0,0,0,1,0,0,0,0,0,1,0,0
ZAF,0,0,0,0,1,6,8,0,0,148,41,0,0,83,3,2,2,1,0,0,0,0,0,0,0,31,0,0,0,18,0,113,48,10,30,2,8,1,0,0,5,0,2,1,0,1,12,179,0,0,37,0,1,0,4,2,38,0,4,19,0,135,0,0,418,0,2,1,1,0,0,9,0,0,0,0,0,0,3,0,12,1,21,4,3,0,0,40,60,1,1,52,0,26,0,0,0,4,2,0,2,0,0,0,0,0,1,0,0,0,2,0,1,2,0,16,0,0,2,0,0,0,3,0,0,0,9,1,11,0,0,19,0,123,25,1,30,5,5,0,0,2,0,0,32,7,0,0,0,5,31,1,7,2,3,1,0,0,0,0,0,0,0,5,2,43,2,0,0,0,1,10,0,0,0,1,0,8,11,4,5,9,1,548,0,0,0,1,2,0,0,0,1,0,4,22
ZMB,0,0,0,0,0,0,0,0,0,1,1,0,0,7,0,0,0,0,0,0,0,0,0,0,0,1,0,0,0,1,0,2,0,0,1,0,0,0,0,0,0,0,0,0,0,0,0,1,0,0,3,0,0,0,0,0,0,0,1,0,0,2,0,0,30,0,0,0,0,1,0,0,0,0,0,0,0,0,0,0,0,0,1,0,0,0,0,0,1,0,0,2,0,2,0,0,0,0,0,0,0,0,0,0,0,0,0,0,0,0,0,0,0,1,0,1,0,0,0,0,0,0,0,0,0,0,2,0,0,0,0,0,0,3,1,0,0,0,0,0,0,0,0,0,0,1,0,0,0,0,0,1,0,0,0,1,0,0,0,0,0,0,0,0,0,3,0,0,0,0,0,0,0,0,0,0,0,0,0,2,1,0,0,24,0,0,0,0,0,0,0,0,0,4,0,2
ZWE,0,0,0,0,0,0,0,0,0,7,2,0,0,6,1,2,0,0,0,0,0,0,0,0,0,3,0,0,0,3,0,7,12,0,0,0,1,0,0,0,2,0,0,0,0,0,0,10,0,0,12,0,0,0,1,0,1,0,2,4,0,5,0,0,23,0,1,0,0,0,0,0,0,0,0,0,0,0,0,0,0,1,2,1,0,0,0,3,2,0,0,0,0,11,0,0,0,0,0,0,0,0,0,0,0,0,1,0,0,0,0,0,0,0,0,2,0,0,1,0,0,0,1,0,0,0,1,0,1,1,0,3,0,11,5,1,0,0,0,0,0,2,0,0,0,0,0,0,0,0,0,0,1,0,0,0,0,0,0,0,0,0,0,0,0,10,1,0,0,0,1,3,0,0,0,0,0,0,0,3,2,0,0,51,0,0,0,0,0,0,0,0,0,22,2,0
