,AFG,ALB,ANT,ARE,ARG,ARM,AUS,AUT,AZE,BEL,BEN,BFA,BGD,BGR,BHR,BHS,BIH,BLR,BLZ,BOL,BRA,BRB,BRN,BWA,CAN,CHE,CHL,CHN,CIV,CMR,COD,COL,CPV,CRI,CUB,CYP,CZE,DEU,DNK,DOM,DZA,ECU,EGY,ERI,ESP,EST,ETH,FIN,FJI,FRA,GAB,GBR,GEO,GHA,GIN,GMB,GRC,GRD,GTM,GUY,HND,HRV,HTI,HUN,IDN,IND,IRL,IRN,IRQ,ISL,ISR,ITA,JAM,JOR,JPN,KAZ,KEN,KGZ,KHM,KOR,KWT,LAO,LBN,LBR,LBY,LIE,LKA,LSO,LTU,LUX,LVA,MAR,MDA,MDG,MEX,MHL,MKD,MLI,MLT,MNE,MNG,MOZ,MUS,MWI,MYS,NAM,NCL,NER,NGA,NIC,NLD,NOR,NPL,NZL,OMN,PAK,PAN,PER,PHL,PNG,POL,PRT,PRY,PSE,QAT,ROU,RUS,RWA,SAU,SDN,SEN,SGP,SLE,SLV,SMR,SRB,SUR,SVK,SVN,SWE,SWZ,SYC,SYR,TGO,THA,TTO,TUN,TUR,TWN,TZA,UGA,UKR,URY,USA,UZB,VEN,VNM,VUT,WSM,ZAF,ZMB,ZWE
AFG,0,0,0,0,0,0,0,0,0,0,0,0,0,0,0,0,0,0,0,0,0,0,0,0,0,0,0,0,0,0,0,0,0,0,0,0,0,0,0,0,0,0,0,0,0,0,0,0,0,0,0,0,0,0,0,0,0,0,0,0,0,0,0,0,0,0,0,0,0,0,0,0,0,0,0,0,0,0,0,0,0,0,0,0,0,0,0,0,0,0,0,0,0,0,0,0,0,0,0,0,0,0,0,0,0,0,0,0,0,0,0,0,0,0,0,0,0,0,0,0,0,0,0,0,0,0,0,0,0,0,0,0,0,0,0,0,0,0,0,0,0,0,0,0,0,0,0,0,0,0,0,0,0,3,0,0,0,0,0,0,0,0
ALB,0,0,0,0,0,0,0,0,0,0,0,0,0,0,0,0,0,0,0,0,0,0,0,0,0,0,0,0,0,0,0,0,0,0,0,0,0,0,0,0,0,0,0,0,0,0,0,0,0,0,0,0,0,0,0,0,1,0,0,0,0,0,0,0,0,0,0,0,0,0,0,0,0,0,0,0,0,0,0,0,0,0,0,0,0,0,0,0,0,0,0,0,0,0,0,0,0,0,0,0,0,0,0,0,0,0,0,0,0,0,0,0,0,0,0,0,0,0,0,0,0,0,0,0,0,0,0,0,0,0,0,0,0,0,0,0,0,0,0,0,0,0,0,0,0,0,0,0,0,0,0,0,0,4,0,0,0,0,0,0,0,0
ANT,0,0,0,0,0,0,0,0,0,0,0,0,0,0,0,0,0,0,0,0,0,0,0,0,0,0,0,0,0,0,0,0,0,0,0,0,0,0,0,0,0,0,0,0,0,0,0,0,0,0,0,1,0,0,0,0,0,0,0,0,0,0,0,0,0,0,0,0,0,0,0,0,0,0,0,0,0,0,0,0,0,0,0,0,0,0,0,0,0,0,0,0,0,0,0,0,0,0,0,0,0,0,0,0,0,0,0,0,0,0,4,0,0,0,0,0,0,0,0,0,0,0,0,0,0,0,0,0,0,0,0,0,0,0,0,0,0,0,0,0,0,0,0,0,0,0,0,0,0,0,0,0,0,1,0,0,0,0,0,0,0,0
ARE,0,0,0,0,1,1,3,1,0,1,0,1,0,0,1,0,0,0,0,0,1,0,0,1,2,1,1,0,0,1,0,1,0,0,0,1,1,1,0,1,1,0,0,0,1,1,0,0,0,1,0,4,1,1,0,0,1,0,0,0,0,0,0,0,0,2,1,1,0,0,1,1,0,2,1,0,0,0,0,1,1,0,0,0,0,0,1,0,1,0,0,0,1,0,1,0,0,0,1,0,0,0,1,0,1,0,0,0,0,0,3,1,1,1,0,0,0,1,1,0,1,1,0,0,0,0,1,0,0,0,0,1,0,0,0,1,0,1,1,1,1,0,0,0,0,1,0,1,0,0,0,0,0,8,0,0,0,0,1,2,0,0
ARG,0,0,0,1,0,1,2,1,0,1,0,1,0,0,0,0,0,0,0,0,6,0,0,1,5,1,6,1,0,1,0,2,0,0,0,1,1,3,0,1,1,0,0,0,10,1,0,0,0,2,0,7,1,1,0,0,1,0,0,0,0,0,0,0,0,1,1,1,0,0,1,2,0,1,1,0,0,0,0,1,1,0,0,0,0,0,1,0,1,0,0,0,1,0,3,0,0,0,1,0,0,0,1,0,1,0,0,0,0,0,2,1,1,1,0,0,0,1,1,0,1,2,0,0,0,0,2,0,1,0,0,0,0,0,0,1,0,1,1,2,1,0,0,0,0,1,0,2,0,0,0,0,0,33,0,2,0,0,1,1,0,0
ARM,0,0,0,1,1,0,1,1,0,1,0,1,0,0,0,0,0,0,0,0,1,0,0,1,1,1,1,0,0,1,0,1,0,0,0,1,1,1,0,1,1,0,0,0,1,1,0,0,0,1,0,2,1,1,0,0,1,0,0,0,0,0,0,0,0,1,1,1,0,0,1,1,0,1,1,0,0,0,0,1,1,0,0,0,0,0,1,0,1,0,0,0,1,0,1,0,0,0,1,0,0,0,1,0,1,0,0,0,0,0,1,1,1,1,0,0,0,1,1,0,1,1,0,0,0,0,1,0,0,0,0,0,0,0,0,1,0,1,1,1,1,0,0,0,0,1,0,1,0,0,0,0,0,4,0,0,0,0,1,1,0,0
AUS,0,0,0,3,2,1,0,10,0,16,0,1,0,0,1,0,0,0,0,0,9,0,1,1,124,16,3,81,0,1,0,3,0,0,0,2,2,61,12,1,2,0,0,0,19,4,0,11,8,41,0,466,1,1,0,0,11,0,0,0,0,0,0,3,16,16,17,2,1,2,14,45,0,1,39,0,2,0,1,19,3,0,1,0,0,0,2,0,2,1,0,0,1,1,2,0,1,0,4,0,0,0,2,0,4,0,0,0,0,0,74,13,1,84,0,1,0,1,5,3,8,7,0,0,0,0,3,0,1,0,0,25,0,0,0,1,0,3,2,22,1,0,0,0,6,1,0,4,2,0,0,0,0,447,0,1,4,1,1,19,0,0
AUT,0,0,0,1,1,1,10,0,1,13,0,1,0,1,0,0,1,0,0,0,2,0,0,1,16,21,2,4,0,1,0,1,0,0,0,1,5,107,11,1,1,0,0,0,16,2,0,3,0,16,0,62,1,1,0,0,6,0,1,0,0,3,0,9,0,3,7,1,0,3,6,21,0,1,6,0,0,0,0,2,1,0,0,0,0,0,1,0,2,4,0,0,1,0,1,0,0,0,2,0,0,0,1,0,1,0,0,0,1,0,27,8,1,2,1,0,0,1,1,0,11,2,0,0,0,1,1,0,0,0,0,3,0,0,0,2,0,4,3,14,1,0,0,0,0,1,0,6,1,0,0,0,0,73,0,0,1,0,1,1,0,0
AZE,0,0,0,0,0,0,0,1,0,0,0,0,0,0,0,0,0,0,0,0,0,0,0,0,0,0,0,0,0,0,0,0,0,0,0,0,0,0,0,0,0,0,0,0,0,0,0,0,0,0,0,0,0,0,0,0,0,0,0,0,0,0,0,0,0,0,0,0,0,0,0,0,0,0,0,0,0,0,0,0,0,0,0,0,0,0,0,0,0,0,0,0,0,0,0,0,0,0,0,0,0,0,0,0,0,0,0,0,0,0,0,0,0,0,0,0,0,0,0,0,0,0,0,0,0,0,0,0,0,0,0,0,0,0,0,0,0,0,0,0,0,0,0,0,0,0,0,0,0,0,0,0,0,1,0,0,0,0,0,0,0,0
BEL,0,0,0,1,1,1,16,13,0,0,0,1,0,1,0,0,1,0,0,0,2,0,0,1,29,32,4,6,0,2,0,2,0,0,0,2,3,64,13,1,1,0,0,0,22,10,1,14,0,73,0,118,1,1,0,0,11,0,0,0,0,3,0,7,0,4,11,1,0,2,5,48,0,1,5,0,1,0,0,2,1,0,1,0,0,0,1,0,3,15,0,2,1,0,1,0,0,0,2,0,0,0,1,0,1,0,0,0,0,0,190,9,1,3,0,0,0,2,1,0,18,4,0,0,0,1,2,0,0,1,0,1,0,0,0,1,0,5,3,15,1,0,0,0,0,1,1,4,1,2,0,3,0,126,0,0,1,0,1,10,0,0
BEN,0,0,0,0,0,0,0,0,0,0,0,0,0,0,0,0,0,0,0,0,0,0,0,0,0,0,0,0,0,0,0,0,0,0,0,0,0,0,0,0,0,0,0,0,0,0,0,0,0,0,0,0,0,0,0,0,0,0,0,0,0,0,0,0,0,0,0,0,0,0,0,0,0,0,0,0,0,0,0,0,0,0,0,0,0,0,0,0,0,0,0,0,0,0,0,0,0,0,0,0,0,0,0,0,0,0,0,0,0,0,0,0,0,0,0,0,0,0,0,0,0,0,0,0,0,0,0,0,0,0,0,0,0,0,0,0,0,0,0,0,0,0,0,0,0,0,0,0,0,0,0,0,0,1,0,0,0,0,0,0,0,0
BFA,0,0,0,1,1,1,1,1,0,1,0,0,0,0,0,0,0,0,0,0,1,0,0,1,2,1,1,0,0,1,0,1,0,0,0,1,1,2,0,1,1,0,0,0,1,1,0,0,0,2,0,1,1,1,0,0,1,0,0,0,0,0,0,0,0,1,1,1,0,0,1,1,0,1,1,0,0,0,0,1,1,0,0,0,0,0,1,0,1,0,0,0,1,0,1,0,0,0,1,0,0,0,1,0,1,0,0,0,0,0,1,1,1,1,0,0,0,1,1,0,1,1,0,0,0,0,1,0,0,0,0,0,0,0,0,1,0,1,1,1,1,0,0,0,0,1,0,1,0,0,0,0,0,2,0,0,0,0,1,1,0,0
BGD,0,0,0,0,0,0,0,0,0,0,0,0,0,0,0,0,0,0,0,0,0,0,0,0,1,0,0,0,0,0,0,0,0,0,0,0,0,0,0,0,0,0,0,0,0,0,0,0,0,0,0,1,0,0,0,0,0,0,0,0,0,0,0,0,0,0,0,0,0,0,0,0,0,0,2,0,0,0,0,0,0,0,0,0,0,0,0,0,0,0,0,0,0,0,0,0,0,0,0,0,0,0,0,0,0,0,0,0,0,0,0,0,0,0,0,0,0,0,1,0,0,0,0,0,0,0,0,0,0,0,0,0,0,0,0,0,0,0,0,2,0,0,0,0,0,0,0,0,0,0,0,0,0,3,0,0,0,0,0,0,0,0
BGR,0,0,0,0,0,0,0,1,0,1,0,0,0,0,0,0,1,0,0,0,0,0,0,0,2,1,0,0,0,0,0,0,0,0,0,0,2,8,2,0,0,0,0,0,2,2,0,3,0,1,0,10,0,0,0,0,1,0,0,0,0,1,0,1,0,0,1,0,0,0,0,2,0,0,0,0,0,0,0,0,0,0,0,0,0,0,0,0,1,0,3,0,0,0,0,0,0,0,0,0,0,0,0,0,1,0,0,0,0,0,1,0,0,0,0,0,0,0,0,0,4,0,0,0,0,1,0,0,0,0,0,0,0,0,0,2,0,1,1,3,0,0,0,0,0,0,0,1,0,0,0,0,0,9,0,0,0,0,0,0,0,0
BHR,0,0,0,1,0,0,1,0,0,0,0,0,0,0,0,0,0,0,0,0,0,0,0,0,1,0,0,0,0,0,0,0,0,0,0,0,0,0,0,0,0,0,0,0,0,0,0,0,0,0,0,0,0,0,0,0,2,0,0,0,0,0,0,0,0,1,0,0,0,0,0,0,0,0,0,0,0,0,0,0,0,0,1,0,0,0,0,0,0,0,0,0,0,0,0,0,0,0,0,0,0,0,0,0,0,0,0,0,0,0,2,0,0,0,0,0,0,0,0,0,0,0,0,0,0,0,0,0,0,0,0,0,0,0,0,0,0,0,0,0,0,0,0,0,0,0,0,0,0,0,0,0,0,2,0,0,0,0,0,0,0,0
BHS,0,0,0,0,0,0,0,0,0,0,0,0,0,0,0,0,0,0,0,0,0,0,0,0,0,0,0,0,0,0,0,0,0,0,0,0,0,0,0,0,0,0,0,0,0,0,0,0,0,0,0,0,0,0,0,0,0,0,0,0,0,0,0,0,0,0,0,0,0,0,0,0,0,0,0,0,0,0,0,0,0,0,0,0,0,0,0,0,0,0,0,0,0,0,0,0,0,0,0,0,0,0,0,0,0,0,0,0,0,0,0,0,0,0,0,0,0,0,0,0,0,0,0,0,0,0,0,0,0,0,0,0,0,0,0,0,0,0,0,0,0,0,0,0,0,0,0,0,0,0,0,0,0,2,0,0,0,0,0,0,0,0
BIH,0,0,0,0,0,0,0,1,0,1,0,0,0,1,0,0,0,0,0,0,0,0,0,0,1,1,0,0,0,0,0,0,0,0,0,0,0,1,1,0,0,0,0,0,0,0,0,0,0,0,0,1,0,0,0,0,0,0,0,0,0,3,0,0,0,0,0,0,0,0,0,0,0,0,0,0,0,0,0,0,0,0,0,0,0,0,0,0,0,0,0,0,0,0,0,0,0,0,0,0,0,0,0,0,0,0,0,0,0,0,0,0,0,0,0,0,0,0,0,0,0,0,0,0,0,0,0,0,0,0,0,0,0,0,0,1,0,0,0,0,0,0,0,0,0,0,0,0,0,0,0,0,0,3,0,0,0,0,0,0,0,0
BLR,0,0,0,0,0,0,0,0,0,0,0,0,0,0,0,0,0,0,0,0,0,0,0,0,0,0,0,2,0,0,0,0,0,0,0,0,0,0,0,0,0,0,0,0,0,0,0,0,0,2,0,2,0,0,0,0,0,0,0,0,0,0,0,0,0,0,0,0,0,0,0,0,0,0,0,0,0,0,0,0,0,0,0,0,0,0,0,0,0,0,0,0,0,0,0,0,0,0,0,0,0,0,0,0,0,0,0,0,0,0,0,0,0,0,0,0,0,0,0,0,1,0,0,0,0,0,0,0,0,0,0,0,0,0,0,0,0,0,0,0,0,0,0,0,0,0,0,0,0,0,0,0,0,0,0,0,0,0,0,0,0,0
BLZ,0,0,0,0,0,0,0,0,0,0,0,0,0,0,0,0,0,0,0,0,0,0,0,0,0,0,0,0,0,0,0,0,0,0,0,0,0,0,0,0,0,0,0,0,0,0,0,0,0,0,0,0,0,0,0,0,0,0,0,0,0,0,0,0,0,0,0,0,0,0,0,0,0,0,0,0,0,0,0,0,0,0,0,0,0,0,0,0,0,0,0,0,0,0,0,0,0,0,0,0,0,0,0,0,0,0,0,0,0,0,0,0,0,0,0,0,0,0,0,0,0,0,0,0,0,0,0,0,0,0,0,0,0,0,0,0,0,0,0,0,0,0,0,0,0,0,0,0,0,0,0,0,0,1,0,0,0,0,0,0,0,0
BOL,0,0,0,0,0,0,0,0,0,0,0,0,0,0,0,0,0,0,0,0,0,0,0,0,0,0,0,0,0,0,0,0,0,0,0,0,0,0,0,0,0,0,0,0,0,0,0,0,0,0,0,0,0,0,0,0,0,0,0,0,0,0,0,0,0,0,0,0,0,0,0,0,0,0,0,0,0,0,0,0,0,0,0,0,0,0,0,0,0,0,0,0,0,0,0,0,0,0,0,0,0,0,0,0,0,0,0,0,0,0,0,0,0,0,0,0,0,0,0,0,0,0,0,0,0,0,0,0,0,0,0,0,0,0,0,0,0,0,0,0,0,0,0,0,0,0,0,0,0,0,0,0,0,1,0,0,0,0,0,0,0,0
BRA,0,0,0,1,6,1,9,2,0,2,0,1,0,0,0,0,0,0,0,0,0,0,0,1,15,1,7,1,0,1,0,1,0,0,0,1,1,15,1,1,1,0,0,0,19,1,1,2,0,8,0,28,1,1,0,0,2,0,0,0,0,0,0,0,0,2,1,1,0,0,1,7,0,1,2,0,0,0,0,1,1,0,0,0,0,0,1,0,2,0,0,0,1,0,3,0,0,0,1,0,0,0,1,0,1,0,0,0,0,0,7,1,2,5,0,0,1,2,1,0,1,4,0,0,0,0,3,0,0,0,0,0,0,0,0,1,0,1,1,3,1,0,0,0,0,1,0,2,0,0,0,0,2,86,0,0,0,0,1,3,0,0
BRB,0,0,0,0,0,0,0,0,0,0,0,0,0,0,0,0,0,0,0,0,0,0,0,0,0,0,0,0,0,0,0,0,0,0,0,0,0,0,0,0,0,0,0,0,0,0,0,0,0,0,0,0,0,0,0,0,0,0,0,0,0,0,0,0,0,0,0,0,0,0,0,0,0,0,0,0,0,0,0,1,0,0,0,0,0,0,0,0,0,0,0,0,0,0,0,0,0,0,0,0,0,0,0,0,0,0,0,0,0,0,0,0,0,0,0,0,0,0,0,0,0,0,0,0,0,0,0,0,0,0,0,0,0,0,0,0,0,0,0,0,0,0,0,0,0,0,0,0,0,0,0,0,0,6,0,0,0,0,0,0,0,0
BRN,0,0,0,0,0,0,1,0,0,0,0,0,0,0,0,0,0,0,0,0,0,0,0,0,0,0,0,0,0,0,0,0,0,0,0,0,0,0,0,0,0,0,0,0,0,0,0,0,0,0,0,0,0,0,0,0,0,0,0,0,0,0,0,0,0,0,0,0,0,0,0,0,0,0,0,0,0,0,0,0,0,0,0,0,0,0,0,0,0,0,0,0,0,0,0,0,0,0,0,0,0,0,0,0,0,0,0,0,0,0,0,0,0,0,0,0,0,0,0,0,0,0,0,0,0,0,0,0,0,0,0,0,0,0,0,0,0,0,0,0,0,0,0,0,0,0,0,0,0,0,0,0,0,0,0,0,0,0,0,0,0,0
BWA,0,0,0,1,1,1,1,1,0,1,0,1,0,0,0,0,0,0,0,0,1,0,0,0,2,1,1,0,0,1,0,1,0,0,0,1,1,1,0,1,1,0,0,0,1,1,0,0,0,2,0,2,1,1,0,0,1,0,0,0,0,0,0,0,0,1,1,1,0,0,1,1,0,1,2,0,0,0,0,1,1,0,0,0,0,0,1,0,1,0,0,0,1,0,1,0,0,0,1,0,0,0,1,0,1,0,0,0,2,0,1,2,1,1,0,0,0,1,1,0,1,1,0,0,0,0,1,0,0,0,0,0,0,0,0,1,0,1,1,1,1,0,0,0,0,1,0,1,0,0,0,0,0,6,0,0,0,0,1,6,0,1
CAN,0,0,0,2,5,1,124,16,0,29,0,2,1,2,1,0,1,0,0,0,15,0,0,2,0,37,10,87,0,1,1,3,0,2,3,5,4,90,8,1,2,0,0,0,38,2,0,10,1,102,0,343,1,1,1,0,10,1,0,0,0,1,1,5,3,10,11,6,0,3,26,44,1,2,32,0,9,0,0,13,1,0,3,0,0,0,3,0,2,2,0,0,1,0,13,0,0,0,2,0,0,0,1,0,1,1,0,0,0,0,79,23,1,36,1,0,1,3,2,0,3,9,0,0,1,0,8,0,0,0,0,31,0,0,0,3,0,4,3,33,1,0,0,0,2,1,3,12,16,0,1,1,0,1210,0,0,0,0,1,15,0,1
CHE,0,0,0,1,1,1,16,21,0,32,0,1,0,1,0,0,1,0,0,0,1,0,0,1,37,0,1,12,1,1,0,1,0,2,1,2,1,221,10,1,1,0,0,0,20,3,0,14,0,73,0,187,4,2,0,0,6,0,0,0,0,1,0,8,1,8,9,1,0,5,10,40,0,1,13,0,0,0,0,3,1,0,0,0,0,0,1,0,2,2,0,0,1,0,2,0,0,0,2,0,0,0,1,0,2,0,0,0,1,0,53,14,1,3,0,0,0,1,2,0,5,2,0,0,0,0,5,0,0,0,0,0,0,0,0,1,0,2,3,23,1,1,0,0,0,1,0,3,1,0,0,0,1,231,0,0,0,0,1,3,0,0
CHL,0,0,0,1,6,1,3,2,0,4,0,1,0,0,0,0,0,0,0,0,7,0,0,1,10,1,0,1,0,1,0,4,0,0,0,1,1,5,0,1,1,0,0,0,13,1,0,2,0,6,0,10,1,1,0,0,1,0,0,0,0,0,0,0,0,1,1,1,0,0,1,6,0,1,1,0,1,0,0,1,1,0,0,0,0,0,1,0,1,0,0,0,1,0,2,0,0,0,1,0,0,0,1,0,1,0,0,0,0,0,5,1,1,2,0,0,0,2,1,0,1,2,0,0,0,0,2,0,0,0,0,0,0,0,0,1,0,1,1,4,1,0,0,0,0,1,0,1,0,0,0,0,0,36,0,1,0,0,1,2,0,0
CHN,0,0,0,0,1,0,81,4,0,6,0,0,0,0,0,0,0,2,0,0,1,0,0,0,87,12,1,0,0,0,0,1,0,1,0,0,0,29,2,0,0,0,0,0,1,0,0,4,0,19,0,109,0,0,0,0,3,0,1,0,0,0,0,0,0,6,7,1,0,0,1,6,0,0,36,0,5,0,0,20,0,0,0,0,0,0,0,0,0,0,0,0,0,0,0,0,0,0,0,0,0,0,0,0,1,0,0,0,1,0,23,3,0,8,1,0,0,0,1,1,1,1,0,0,0,0,2,0,1,0,0,46,0,0,0,0,0,0,1,13,0,0,0,0,2,1,0,2,35,0,2,0,0,462,0,0,2,0,0,2,0,0
CIV,0,0,0,0,0,0,0,0,0,0,0,0,0,0,0,0,0,0,0,0,0,0,0,0,0,1,0,0,0,0,0,0,0,0,0,0,0,0,0,0,0,0,0,0,0,0,0,0,0,0,0,0,0,0,0,0,0,0,0,0,0,0,0,0,0,0,0,0,0,0,0,0,0,0,0,0,0,0,0,0,0,0,0,0,0,0,0,0,0,0,0,0,0,0,0,0,0,0,0,0,0,0,0,0,0,0,0,0,0,0,0,0,0,0,0,0,0,0,0,0,0,0,0,0,0,0,0,0,0,0,0,0,0,0,0,0,0,0,0,0,0,0,0,0,0,0,0,0,0,0,0,0,0,0,0,0,0,0,0,0,0,0
CMR,0,0,0,1,1,1,1,1,0,2,0,1,0,0,0,0,0,0,0,0,1,0,0,1,1,1,1,0,0,0,0,1,0,0,0,1,1,2,0,1,1,0,0,0,1,1,0,0,0,1,0,2,1,1,0,0,1,0,0,0,0,0,0,0,0,1,1,1,0,0,1,1,0,1,1,0,0,0,0,1,1,0,0,0,0,0,1,0,1,0,0,0,1,0,1,0,0,0,1,0,0,0,1,0,1,0,0,0,0,0,3,1,1,1,0,0,0,1,1,0,1,1,0,0,0,0,1,0,0,0,0,0,0,0,0,1,0,1,1,1,1,0,0,0,0,1,0,1,0,0,0,0,0,4,0,0,0,0,1,1,0,0
COD,0,0,0,0,0,0,0,0,0,0,0,0,0,0,0,0,0,0,0,0,0,0,0,0,1,0,0,0,0,0,0,0,0,0,0,0,0,0,0,0,0,0,0,0,0,0,0,0,0,0,0,0,0,0,0,0,0,0,0,0,0,0,0,0,0,0,0,0,0,0,0,0,0,0,0,0,0,0,0,0,0,0,0,0,0,0,0,0,0,0,0,0,0,0,0,0,0,0,0,0,0,0,0,0,0,0,0,0,0,0,0,1,0,0,0,0,0,0,0,0,0,0,0,0,0,0,0,0,0,0,0,0,0,0,0,0,0,0,0,0,0,0,0,0,0,0,0,0,0,0,0,0,0,2,0,0,0,0,0,0,0,0
COL,0,0,0,1,2,1,3,1,0,2,0,1,0,0,0,0,0,0,0,0,1,0,0,1,3,1,4,1,0,1,0,0,0,0,0,1,1,1,1,1,1,0,0,0,7,1,0,0,0,2,0,3,1,1,0,0,1,0,0,0,0,0,0,0,0,1,1,1,0,0,1,1,0,1,1,0,0,0,0,1,1,0,0,0,0,0,1,0,1,0,0,0,1,0,1,0,0,0,1,0,0,0,1,0,1,0,0,0,0,0,1,1,1,1,0,0,0,1,1,0,1,1,0,0,0,0,1,0,0,0,0,0,0,0,0,1,0,1,1,2,1,0,0,0,0,1,0,1,0,0,0,0,0,17,0,1,0,0,1,1,0,0
CPV,0,0,0,0,0,0,0,0,0,0,0,0,0,0,0,0,0,0,0,0,0,0,0,0,0,0,0,0,0,0,0,0,0,0,0,0,0,0,0,0,0,0,0,0,0,0,0,0,0,0,0,0,0,0,0,0,0,0,0,0,0,0,0,0,0,0,0,0,0,0,0,0,0,0,0,0,0,0,0,0,0,0,0,0,0,0,0,0,0,0,0,0,0,0,0,0,0,0,0,0,0,0,0,0,0,0,0,0,0,0,0,0,0,0,0,0,0,0,0,0,0,1,0,0,0,0,0,0,0,0,0,0,0,0,0,0,0,0,0,0,0,0,0,0,0,0,0,0,0,0,0,0,0,0,0,0,0,0,0,0,0,0
CRI,0,0,0,0,0,0,0,0,0,0,0,0,0,0,0,0,0,0,0,0,0,0,0,0,2,2,0,1,0,0,0,0,0,0,1,0,0,2,0,0,0,0,0,0,1,0,0,0,0,0,0,1,0,0,0,0,1,0,0,0,0,0,0,1,0,0,0,0,0,0,0,1,0,0,0,0,0,0,0,0,0,0,0,0,0,0,0,0,0,0,0,0,0,0,0,0,0,0,0,0,0,0,0,0,0,0,0,0,0,1,2,0,0,0,0,0,0,0,0,0,0,0,0,0,0,0,0,0,0,0,0,0,0,0,0,0,0,0,0,1,0,0,0,0,0,0,0,0,0,0,0,0,0,9,0,0,0,0,0,0,0,0
CUB,0,0,0,0,0,0,0,0,0,0,0,0,0,0,0,0,0,0,0,0,0,0,0,0,3,1,0,0,0,0,0,0,0,1,0,0,0,0,0,0,0,0,0,0,3,0,0,0,0,1,0,1,0,0,0,0,0,0,0,0,0,0,0,1,0,0,0,0,0,0,0,1,0,0,0,0,0,0,0,0,0,0,0,0,0,0,0,0,0,0,0,0,0,0,0,0,0,0,0,0,0,0,0,0,0,0,0,0,0,0,1,0,0,0,0,0,0,0,0,0,0,0,0,0,0,0,0,0,0,0,0,0,0,0,0,0,0,0,0,0,0,0,0,0,0,0,0,1,0,0,0,0,0,2,0,0,0,0,0,0,0,0
CYP,0,0,0,1,1,1,2,1,0,2,0,1,0,0,0,0,0,0,0,0,1,0,0,1,5,2,1,0,0,1,0,1,0,0,0,0,1,3,0,1,1,0,0,0,1,1,0,0,0,1,0,13,1,1,0,0,5,0,0,0,0,0,0,0,0,1,1,1,0,0,1,2,0,1,1,0,0,0,0,1,1,0,0,0,0,0,1,0,1,0,0,0,1,0,1,0,0,0,1,0,0,0,1,0,1,0,0,0,0,0,3,1,1,1,0,0,0,1,1,0,1,1,0,0,0,0,1,0,0,0,0,0,0,0,0,1,0,1,1,2,1,0,0,0,0,1,0,1,0,0,0,0,0,12,0,0,0,0,1,1,0,0
CZE,0,0,0,1,1,1,2,5,0,3,0,1,0,2,0,0,0,0,0,0,1,0,0,1,4,1,1,0,0,1,0,1,0,0,0,1,0,6,2,1,1,0,0,0,2,6,0,2,0,4,0,13,1,1,0,0,1,0,0,0,0,1,0,4,0,1,4,1,0,0,2,5,0,1,2,0,0,0,0,1,1,0,0,0,0,0,1,0,1,0,2,0,1,0,1,0,0,0,1,0,0,0,1,0,1,0,0,0,0,0,4,1,1,1,0,0,0,1,1,0,7,1,0,0,0,1,2,0,0,0,0,0,0,0,0,1,0,7,3,5,1,0,0,0,0,1,0,1,0,0,0,0,0,19,0,0,0,0,1,1,0,0
DEU,0,0,0,1,3,1,61,107,0,64,0,2,0,8,0,0,1,0,0,0,15,0,0,1,90,221,5,29,0,2,0,1,0,2,0,3,6,0,42,2,1,0,1,0,69,19,1,35,0,97,0,415,4,1,0,0,21,0,1,0,0,2,0,8,0,7,24,1,0,4,33,94,0,1,34,0,3,0,0,8,2,0,0,0,0,0,1,0,4,12,8,1,1,0,5,0,0,2,3,0,0,0,1,0,1,0,0,0,2,0,199,33,1,14,1,1,0,3,2,0,30,19,0,0,0,3,23,0,0,0,0,7,0,0,0,1,0,8,5,71,1,0,1,0,5,1,0,14,10,0,1,2,0,563,1,0,2,0,1,7,0,0
DNK,0,0,0,0,0,0,12,11,0,13,0,0,0,2,0,0,1,0,0,0,1,0,0,0,8,10,0,2,0,0,0,1,0,0,0,0,2,42,0,0,0,0,0,0,10,14,0,47,0,14,0,98,0,0,0,0,2,0,0,0,0,1,0,3,0,2,8,0,0,6,3,13,0,0,4,0,0,0,0,0,0,0,0,0,0,0,0,0,3,9,6,0,0,0,2,0,0,0,1,0,0,0,1,0,2,0,0,0,0,0,29,20,1,5,0,0,0,0,0,0,14,1,0,0,0,1,1,0,0,0,0,1,0,0,0,0,0,1,1,37,0,0,0,0,0,0,0,2,0,0,1,1,0,95,0,0,0,0,0,9,0,0
DOM,0,0,0,1,1,1,1,1,0,1,0,1,0,0,0,0,0,0,0,0,1,0,0,1,1,1,1,0,0,1,0,1,0,0,0,1,1,2,0,0,1,0,0,0,1,1,0,0,0,1,0,2,1,1,0,0,1,0,0,0,0,0,0,0,0,1,1,1,0,0,1,1,0,1,1,0,0,0,0,1,1,0,0,0,0,0,1,0,1,0,0,0,1,0,1,0,0,0,1,0,0,0,1,0,1,0,0,0,0,0,1,1,1,1,0,0,0,1,1,0,1,1,0,0,0,0,1,0,0,0,0,0,0,0,0,1,0,1,1,1,1,0,0,0,0,1,0,1,0,0,0,0,0,1,0,0,0,0,1,1,0,0
DZA,0,0,0,1,1,1,2,1,0,1,0,1,0,0,0,0,0,0,0,0,1,0,0,1,2,1,1,0,0,1,0,1,0,0,0,1,1,1,0,1,0,0,0,0,1,1,0,0,0,5,0,2,1,1,0,0,1,0,0,0,0,0,0,0,0,1,1,1,0,0,1,1,0,1,1,0,0,0,0,1,1,0,0,0,0,0,1,0,1,0,0,0,1,0,1,0,0,0,1,0,0,0,1,0,1,0,0,0,0,0,1,1,1,1,0,0,0,1,1,0,1,1,0,0,0,0,1,0,0,0,0,0,0,0,0,1,0,1,1,1,1,0,0,0,0,1,0,1,0,0,0,0,0,1,0,0,0,0,1,1,0,0
ECU,0,0,0,0,0,0,0,0,0,0,0,0,0,0,0,0,0,0,0,0,0,0,0,0,0,0,0,0,0,0,0,0,0,0,0,0,0,0,0,0,0,0,0,0,0,0,0,0,0,0,0,0,0,0,0,0,0,0,0,0,0,0,0,0,0,0,0,0,0,0,0,0,0,0,0,0,0,0,0,0,0,0,0,0,0,0,0,0,0,0,0,0,0,0,0,0,0,0,0,0,0,0,0,0,0,0,0,0,0,0,1,0,0,0,0,0,0,0,0,0,0,0,0,0,0,0,0,0,0,0,0,0,0,0,0,0,0,0,0,0,0,0,0,0,0,0,0,0,0,0,0,0,0,8,0,0,0,0,0,0,0,0
EGY,0,0,0,0,0,0,0,0,0,0,0,0,0,0,0,0,0,0,0,0,0,0,0,0,0,0,0,0,0,0,0,0,0,0,0,0,0,1,0,0,0,0,0,0,0,0,0,0,0,2,0,5,0,0,0,0,0,0,0,0,0,0,0,0,0,0,1,0,0,0,1,0,0,3,1,0,0,0,0,0,0,0,1,0,0,0,0,0,0,0,0,0,0,0,0,0,0,0,0,0,0,0,0,0,0,0,0,0,1,0,0,0,0,0,0,0,0,0,0,0,0,0,0,0,0,0,0,0,3,1,0,0,0,0,0,0,0,0,0,0,0,0,0,0,0,0,1,0,0,0,0,0,0,9,0,0,0,0,0,0,0,0
ERI,0,0,0,0,0,0,0,0,0,0,0,0,0,0,0,0,0,0,0,0,0,0,0,0,0,0,0,0,0,0,0,0,0,0,0,0,0,0,0,0,0,0,0,0,0,0,0,0,0,0,0,0,0,0,0,0,0,0,0,0,0,0,0,0,0,0,0,0,0,0,0,0,0,0,0,0,0,0,0,0,0,0,0,0,0,0,0,0,0,0,0,0,0,0,0,0,0,0,0,0,0,0,0,0,0,0,0,0,0,0,1,0,0,0,0,0,0,0,0,0,0,0,0,0,0,0,0,0,0,0,0,0,0,0,0,0,0,0,0,0,0,0,0,0,0,0,0,0,0,0,0,0,0,0,0,0,0,0,0,1,0,0
ESP,0,0,0,1,10,1,19,16,0,22,0,1,0,2,0,0,0,0,0,0,19,0,0,1,38,20,13,1,0,1,0,7,0,1,3,1,2,69,10,1,1,0,0,0,0,2,0,8,0,56,0,167,1,1,0,0,11,0,1,0,0,1,0,5,0,3,12,1,0,3,10,51,0,1,5,0,0,0,0,3,1,0,0,0,0,0,1,0,3,4,0,1,1,0,34,0,0,0,3,0,0,0,1,0,1,0,0,0,1,2,53,11,1,4,1,0,0,4,3,0,4,19,1,0,0,2,2,0,0,0,0,0,0,0,0,2,0,4,3,11,1,0,0,0,2,1,1,5,2,0,0,2,2,210,0,1,0,0,1,5,0,0
EST,0,0,0,1,1,1,4,2,0,10,0,1,0,2,0,0,0,0,0,0,1,0,0,1,2,3,1,0,0,1,0,1,0,0,0,1,6,19,14,1,1,0,0,0,2,0,0,26,0,2,0,26,1,1,0,0,2,0,0,0,0,0,0,1,0,1,6,1,0,1,2,2,0,1,2,0,0,0,0,1,1,0,0,0,0,0,1,0,4,9,8,0,1,0,1,0,0,0,2,0,0,0,1,0,1,0,0,0,0,0,12,2,1,2,0,0,0,1,1,0,16,1,0,0,0,0,2,0,0,0,0,0,0,0,0,1,0,2,2,11,1,0,0,0,0,1,0,1,0,0,0,0,0,17,0,0,0,0,1,1,0,0
ETH,0,0,0,0,0,0,0,0,0,1,0,0,0,0,0,0,0,0,0,0,1,0,0,0,0,0,0,0,0,0,0,0,0,0,0,0,0,1,0,0,0,0,0,0,0,0,0,0,0,1,0,2,0,1,0,0,0,0,0,0,0,0,0,0,0,0,0,0,0,0,1,0,0,0,1,0,0,0,0,0,0,0,0,0,0,0,0,0,0,0,0,0,0,0,1,0,0,0,0,0,0,0,0,0,0,0,0,0,0,0,1,1,0,0,0,0,0,0,0,0,0,0,0,0,0,0,0,0,0,0,0,0,0,0,0,0,0,0,0,1,0,0,0,0,0,0,0,0,0,0,0,0,0,9,0,0,0,0,0,0,0,0
FIN,0,0,0,0,0,0,11,3,0,14,0,0,0,3,0,0,0,0,0,0,2,0,0,0,10,14,2,4,0,0,0,0,0,0,0,0,2,35,47,0,0,0,0,0,8,26,0,0,0,14,0,92,0,0,0,0,4,0,0,0,0,0,0,5,0,3,6,0,0,1,3,15,0,0,5,0,0,0,0,3,0,0,0,0,0,0,0,0,1,9,9,0,0,0,1,0,0,0,1,0,0,1,0,0,0,0,0,0,1,0,29,10,0,5,0,0,0,0,0,0,17,2,0,0,0,0,7,0,0,0,0,3,0,0,0,0,0,1,1,47,0,0,0,0,0,1,0,6,1,0,0,0,0,94,0,0,0,0,0,2,1,0
FJI,0,0,0,0,0,0,8,0,0,0,0,0,0,0,0,0,0,0,0,0,0,0,0,0,1,0,0,0,0,0,0,0,0,0,0,0,0,0,0,0,0,0,0,0,0,0,0,0,0,0,0,2,0,0,0,0,0,0,0,0,0,0,0,0,0,0,0,0,0,0,0,0,0,0,1,0,0,0,0,0,0,0,0,0,0,0,0,0,0,0,0,0,0,0,0,0,0,0,0,0,0,0,0,0,0,0,0,0,0,0,0,0,0,2,0,0,0,0,0,1,0,0,0,0,0,0,0,0,0,0,0,0,0,0,0,0,0,0,0,0,0,0,0,0,0,0,0,0,0,0,0,0,0,5,0,0,0,0,0,0,0,0
FRA,0,0,0,1,2,1,41,16,0,73,0,2,0,1,0,0,0,2,0,0,8,0,0,2,102,73,6,19,0,1,0,2,0,0,1,1,4,97,14,1,5,0,2,0,56,2,1,14,0,0,0,224,1,1,0,0,6,0,0,0,0,1,0,7,1,4,11,5,0,3,15,73,0,2,21,1,0,0,0,3,2,0,1,0,0,0,1,0,6,9,1,1,1,0,8,0,1,0,2,0,0,0,1,0,1,0,2,0,1,0,42,9,1,6,0,1,0,3,2,0,6,11,0,0,0,1,11,0,0,0,2,4,0,0,0,3,0,3,3,29,1,0,0,0,2,1,12,10,2,0,0,1,0,327,0,1,3,0,1,5,0,0
GAB,0,0,0,0,0,0,0,0,0,0,0,0,0,0,0,0,0,0,0,0,0,0,0,0,0,0,0,0,0,0,0,0,0,0,0,0,0,0,0,0,0,0,0,0,0,0,0,0,0,0,0,2,0,0,0,0,0,0,0,0,0,0,0,0,0,0,0,0,0,0,0,0,0,0,0,0,0,0,0,0,0,0,0,0,0,0,0,0,0,0,0,0,0,0,0,0,0,0,0,0,0,0,0,0,0,0,0,0,0,0,0,0,0,0,0,0,0,0,0,0,0,0,0,0,0,0,0,0,0,0,0,0,0,0,0,0,0,0,0,0,0,0,0,0,0,0,0,0,0,0,0,0,0,1,0,0,0,0,0,1,0,0
GBR,0,0,1,4,7,2,466,62,0,118,0,1,1,10,0,0,1,2,0,0,28,0,0,2,343,187,10,109,0,2,0,3,0,1,1,13,13,415,98,2,2,0,5,0,167,26,2,92,2,224,2,1546,1,7,0,2,99,0,0,0,0,3,0,29,1,32,115,20,0,23,45,263,0,4,68,1,13,1,2,17,2,0,1,0,2,0,4,0,9,13,11,0,2,0,22,0,0,0,3,0,0,0,6,2,11,0,0,0,4,1,359,77,3,132,2,1,0,5,7,3,34,43,0,2,0,4,18,0,2,1,0,35,0,0,0,2,0,12,8,141,1,0,0,0,3,4,0,28,27,17,4,4,0,1457,0,1,10,0,1,68,2,0
GEO,0,0,0,1,1,1,1,1,0,1,0,1,0,0,0,0,0,0,0,0,1,0,0,1,1,4,1,0,0,1,0,1,0,0,0,1,1,4,0,1,1,0,0,0,1,1,0,0,0,1,0,1,0,1,0,0,1,0,0,0,0,0,0,0,0,1,1,1,0,0,1,1,0,1,1,0,0,0,0,1,1,0,0,0,0,0,1,0,1,0,0,0,1,0,1,0,0,0,1,0,0,0,1,0,1,0,0,0,0,0,1,1,1,1,0,0,0,1,1,0,1,1,0,0,0,0,1,0,0,0,0,0,0,0,0,1,0,1,1,1,1,0,0,0,0,1,0,1,0,0,0,0,0,2,0,0,0,0,1,1,0,0
GHA,0,0,0,1,1,1,1,1,0,1,0,1,0,0,0,0,0,0,0,0,1,0,0,1,1,2,1,0,0,1,0,1,0,0,0,1,1,1,0,1,1,0,0,0,1,1,1,0,0,1,0,7,1,0,0,0,1,0,0,0,0,0,0,0,0,2,1,1,0,0,1,1,0,1,1,0,0,0,0,1,1,0,0,0,0,0,1,0,1,0,0,0,1,0,1,0,0,0,1,0,0,0,1,0,1,0,0,0,0,0,2,1,1,1,0,0,0,1,1,0,1,1,0,0,0,0,2,0,0,1,0,0,0,0,0,1,0,1,1,1,1,0,0,0,0,1,0,1,0,0,0,0,0,6,0,0,0,0,1,2,0,0
GIN,0,0,0,0,0,0,0,0,0,0,0,0,0,0,0,0,0,0,0,0,0,0,0,0,1,0,0,0,0,0,0,0,0,0,0,0,0,0,0,0,0,0,0,0,0,0,0,0,0,0,0,0,0,0,0,0,0,0,0,0,0,0,0,0,0,0,0,0,0,0,0,0,0,0,0,0,0,0,0,0,0,0,0,0,0,0,0,0,0,0,0,0,0,0,0,0,0,0,0,0,0,0,0,0,0,0,0,0,0,0,0,0,0,0,0,0,0,0,0,0,0,0,0,0,0,0,0,0,0,0,0,0,0,0,0,0,0,0,0,0,0,0,0,0,0,0,0,0,0,0,0,0,0,0,0,0,0,0,0,0,0,0
GMB,0,0,0,0,0,0,0,0,0,0,0,0,0,0,0,0,0,0,0,0,0,0,0,0,0,0,0,0,0,0,0,0,0,0,0,0,0,0,0,0,0,0,0,0,0,0,0,0,0,0,0,2,0,0,0,0,0,0,0,0,0,0,0,0,0,0,0,0,0,0,0,0,0,0,0,0,0,0,0,0,0,0,0,0,0,0,0,0,0,0,0,0,0,0,0,0,0,0,0,0,0,0,0,0,0,0,0,0,0,0,0,0,0,0,0,0,0,0,0,0,0,0,0,0,0,0,0,0,0,0,0,0,0,0,0,0,0,0,0,0,0,0,0,0,0,0,0,0,0,0,0,0,0,1,0,0,0,0,0,0,0,0
GRC,0,1,0,1,1,1,11,6,0,11,0,1,0,1,2,0,0,0,0,0,2,0,0,1,10,6,1,3,0,1,0,1,0,1,0,5,1,21,2,1,1,0,0,0,11,2,0,4,0,6,0,99,1,1,0,0,0,0,1,0,0,0,0,1,0,3,6,1,0,1,2,11,0,1,4,0,0,0,0,2,1,0,0,0,0,0,1,0,2,1,0,0,1,0,1,0,0,0,3,0,0,0,1,0,2,0,0,0,1,0,17,5,1,5,1,0,0,1,1,0,3,3,0,0,0,0,1,0,0,0,0,0,0,0,0,2,0,2,3,6,1,0,0,0,0,1,0,8,1,0,0,0,0,42,0,0,0,0,1,4,0,0
GRD,0,0,0,0,0,0,0,0,0,0,0,0,0,0,0,0,0,0,0,0,0,0,0,0,1,0,0,0,0,0,0,0,0,0,0,0,0,0,0,0,0,0,0,0,0,0,0,0,0,0,0,0,0,0,0,0,0,0,0,0,0,0,0,0,0,0,0,0,0,0,0,0,0,0,0,0,0,0,0,0,0,0,0,0,0,0,0,0,0,0,0,0,0,0,0,0,0,0,0,0,0,0,0,0,0,0,0,0,0,0,0,0,0,0,0,0,0,0,0,0,0,0,0,0,0,0,0,0,0,0,0,0,0,0,0,0,0,0,0,0,0,0,0,0,0,0,0,0,0,0,0,0,0,0,0,0,0,0,0,0,0,0
GTM,0,0,0,0,0,0,0,1,0,0,0,0,0,0,0,0,0,0,0,0,0,0,0,0,0,0,0,1,0,0,0,0,0,0,0,0,0,1,0,0,0,0,0,0,1,0,0,0,0,0,0,0,0,0,0,0,1,0,0,0,0,0,0,0,0,1,0,0,0,0,0,0,0,0,0,0,0,0,0,0,0,0,0,0,0,0,0,0,0,0,0,0,0,0,0,0,0,0,0,0,0,0,0,0,0,0,0,0,1,0,1,0,0,0,1,0,0,0,0,0,0,0,0,0,0,0,0,0,0,0,0,0,0,0,0,0,0,0,1,0,0,0,0,0,0,0,0,1,1,0,0,0,0,5,0,0,0,0,0,0,0,0
GUY,0,0,0,0,0,0,0,0,0,0,0,0,0,0,0,0,0,0,0,0,0,0,0,0,0,0,0,0,0,0,0,0,0,0,0,0,0,0,0,0,0,0,0,0,0,0,0,0,0,0,0,0,0,0,0,0,0,0,0,0,0,0,0,0,0,0,0,0,0,0,0,0,0,0,0,0,0,0,0,0,0,0,0,0,0,0,0,0,0,0,0,0,0,0,0,0,0,0,0,0,0,0,0,0,0,0,0,0,0,0,0,0,0,0,0,0,0,0,0,0,0,0,0,0,0,0,0,0,0,0,0,0,0,0,0,0,0,0,0,0,0,0,0,0,0,0,0,0,0,0,0,0,0,3,0,0,0,0,0,0,0,0
HND,0,0,0,0,0,0,0,0,0,0,0,0,0,0,0,0,0,0,0,0,0,0,0,0,0,0,0,0,0,0,0,0,0,0,0,0,0,0,0,0,0,0,0,0,0,0,0,0,0,0,0,0,0,0,0,0,0,0,0,0,0,0,0,0,0,0,0,0,0,0,0,0,0,0,0,0,0,0,0,0,0,0,0,0,0,0,0,0,0,0,0,0,0,0,1,0,0,0,0,0,0,0,0,0,0,0,0,0,0,0,0,0,0,0,0,0,0,0,0,0,0,0,0,0,0,0,0,0,0,0,0,0,0,0,0,0,0,0,0,0,0,0,0,0,0,0,0,0,0,0,0,0,0,1,0,0,0,0,0,0,0,0
HRV,0,0,0,0,0,0,0,3,0,3,0,0,0,1,0,0,3,0,0,0,0,0,0,0,1,1,0,0,0,0,0,0,0,0,0,0,1,2,1,0,0,0,0,0,1,0,0,0,0,1,0,3,0,0,0,0,0,0,0,0,0,0,0,2,0,0,0,0,0,0,0,0,0,0,0,0,0,0,0,0,0,0,0,0,0,0,0,0,0,0,0,0,0,0,0,0,0,0,0,0,0,0,0,0,0,0,0,0,0,0,2,1,0,0,0,0,0,0,0,0,1,0,0,0,0,0,1,0,0,0,0,0,0,0,0,3,0,0,7,1,0,0,0,0,0,0,0,0,0,0,0,0,0,7,0,0,0,0,0,0,0,0
HTI,0,0,0,0,0,0,0,0,0,0,0,0,0,0,0,0,0,0,0,0,0,0,0,0,1,0,0,0,0,0,0,0,0,0,0,0,0,0,0,0,0,0,0,0,0,0,0,0,0,0,0,0,0,0,0,0,0,0,0,0,0,0,0,0,0,0,0,0,0,0,0,0,0,0,0,0,0,0,0,0,0,0,0,0,0,0,0,0,0,0,0,0,0,0,0,0,0,0,0,0,0,0,0,0,0,0,0,0,0,0,0,0,0,0,0,0,0,0,0,0,0,0,0,0,0,0,0,0,0,0,0,0,0,0,0,0,0,0,0,0,0,0,0,0,0,0,0,0,0,0,0,0,0,4,0,0,0,0,0,0,0,0
HUN,0,0,0,0,0,0,3,9,0,7,0,0,0,1,0,0,0,0,0,0,0,0,0,0,5,8,0,0,0,0,0,0,0,1,1,0,4,8,3,0,0,0,0,0,5,1,0,5,0,7,0,29,0,0,0,0,1,0,0,0,0,2,0,0,0,0,4,0,0,2,1,15,0,0,1,0,0,0,0,1,0,0,0,0,0,0,0,0,1,1,0,0,0,0,0,0,1,0,1,0,0,0,0,0,0,0,0,0,0,0,8,2,0,2,0,0,0,1,0,0,8,0,0,0,0,0,1,0,0,0,0,0,0,0,0,0,0,1,3,5,0,0,0,0,0,0,0,0,0,0,0,1,0,43,0,0,0,0,0,0,0,0
IDN,0,0,0,0,0,0,16,0,0,0,0,0,0,0,0,0,0,0,0,0,0,0,0,0,3,1,0,0,0,0,0,0,0,0,0,0,0,0,0,0,0,0,0,0,0,0,0,0,0,1,0,1,0,0,0,0,0,0,0,0,0,0,0,0,0,0,0,0,0,0,1,0,0,0,2,0,0,0,0,3,0,0,0,0,0,0,0,0,0,0,0,0,0,0,0,0,0,0,0,0,0,0,0,0,1,0,0,0,0,0,1,1,0,0,0,0,0,0,1,0,0,0,0,0,0,0,0,0,0,0,0,1,0,0,0,0,0,0,0,0,0,0,0,0,0,0,0,0,0,0,0,0,0,15,0,0,0,0,0,2,0,0
IND,0,0,0,2,1,1,16,3,0,4,0,1,0,0,1,0,0,0,0,0,2,0,0,1,10,8,1,6,0,1,0,1,0,0,0,1,1,7,2,1,1,0,0,0,3,1,0,3,0,4,0,32,1,2,0,0,3,0,1,0,0,0,0,0,0,0,3,1,0,0,1,11,0,1,8,0,1,0,0,2,1,0,0,0,0,0,1,0,1,0,0,0,1,0,2,0,0,0,1,0,0,0,1,1,4,0,0,0,1,0,14,1,1,1,1,0,0,1,4,0,1,1,0,0,0,0,3,0,1,0,0,6,0,0,0,1,0,1,2,4,1,0,0,0,1,1,0,2,1,0,0,0,0,84,0,0,0,0,1,3,0,1
IRL,0,0,0,1,1,1,17,7,0,11,0,1,0,1,0,0,0,0,0,0,1,0,0,1,11,9,1,7,0,1,0,1,0,0,0,1,4,24,8,1,1,0,1,0,12,6,0,6,0,11,0,115,1,1,0,0,6,0,0,0,0,0,0,4,0,3,0,1,0,1,4,15,0,1,2,0,0,0,0,1,1,0,0,0,0,0,1,0,2,1,4,0,1,0,1,0,0,0,2,0,0,0,1,0,1,0,0,0,0,0,17,5,1,3,0,0,0,1,1,0,7,4,0,0,0,1,1,0,0,1,0,3,0,0,0,1,0,3,2,16,1,0,0,0,0,1,0,2,0,1,1,0,0,76,0,0,0,0,1,1,0,0
IRN,0,0,0,1,1,1,2,1,0,1,0,1,0,0,0,0,0,0,0,0,1,0,0,1,6,1,1,1,0,1,0,1,0,0,0,1,1,1,0,1,1,0,0,0,1,1,0,0,0,5,0,20,1,1,0,0,1,0,0,0,0,0,0,0,0,1,1,0,0,0,1,1,0,1,3,0,0,0,0,1,1,0,0,0,0,0,1,0,1,0,0,0,1,0,1,0,0,0,1,0,0,0,1,0,1,0,0,0,0,0,2,1,1,1,0,0,0,1,1,0,1,1,0,0,0,0,1,0,0,0,0,0,0,0,0,1,0,1,1,3,1,0,0,0,0,1,0,1,0,0,0,0,0,13,0,0,0,0,1,1,0,0
IRQ,0,0,0,0,0,0,1,0,0,0,0,0,0,0,0,0,0,0,0,0,0,0,0,0,0,0,0,0,0,0,0,0,0,0,0,0,0,0,0,0,0,0,0,0,0,0,0,0,0,0,0,0,0,0,0,0,0,0,0,0,0,0,0,0,0,0,0,0,0,0,0,0,0,0,0,0,0,0,0,0,0,0,0,0,0,0,0,0,0,0,0,0,0,0,0,0,0,0,0,0,0,0,0,0,1,0,0,0,0,0,0,0,0,0,0,0,0,0,0,0,0,0,0,0,0,0,0,0,0,0,0,0,0,0,0,0,0,0,0,2,0,0,0,0,0,0,0,0,0,0,0,0,0,1,0,0,0,0,0,0,0,0
ISL,0,0,0,0,0,0,2,3,0,2,0,0,0,0,0,0,0,0,0,0,0,0,0,0,3,5,0,0,0,0,0,0,0,0,0,0,0,4,6,0,0,0,0,0,3,1,0,1,0,3,0,23,0,0,0,0,1,0,0,0,0,0,0,2,0,0,1,0,0,0,1,4,0,0,1,0,0,0,0,0,0,0,0,0,0,0,0,0,1,1,0,0,0,0,0,0,0,0,1,0,0,0,0,0,0,0,0,0,0,0,5,7,0,1,0,0,0,0,0,0,1,0,0,0,0,0,0,0,0,0,0,0,0,0,0,0,0,1,1,1,0,0,0,0,0,0,0,0,0,0,0,0,0,11,0,0,0,0,0,0,0,0
ISR,0,0,0,1,1,1,14,6,0,5,0,1,0,0,0,0,0,0,0,0,1,0,0,1,26,10,1,1,0,1,0,1,0,0,0,1,2,33,3,1,1,0,1,0,10,2,1,3,0,15,0,45,1,1,0,0,2,0,0,0,0,0,0,1,1,1,4,1,0,1,0,13,0,1,3,0,0,0,0,2,2,0,0,0,0,0,1,0,2,1,0,0,2,0,4,0,0,0,2,0,0,0,1,0,1,0,0,0,0,0,12,2,1,3,0,0,0,1,1,0,4,1,0,1,0,0,5,0,0,0,0,0,0,0,0,1,0,2,2,4,1,0,0,0,0,1,0,3,3,0,0,0,0,281,0,0,0,0,1,1,1,0
ITA,0,0,0,1,2,1,45,21,0,48,0,1,0,2,0,0,0,0,0,0,7,0,0,1,44,40,6,6,0,1,0,1,0,1,1,2,5,94,13,1,1,0,0,0,51,2,0,15,0,73,0,263,1,1,0,0,11,0,0,0,0,0,0,15,0,11,15,1,0,4,13,0,0,1,21,0,1,0,0,3,1,0,0,0,0,1,1,0,3,5,0,2,1,0,3,0,0,0,2,0,0,0,1,0,1,0,0,0,0,1,98,13,1,7,0,0,0,1,1,0,6,10,0,0,0,4,4,0,0,0,0,1,0,0,1,1,0,2,4,36,1,0,0,0,0,1,0,3,2,0,0,1,0,311,0,0,0,0,1,5,0,0
JAM,0,0,0,0,0,0,0,0,0,0,0,0,0,0,0,0,0,0,0,0,0,0,0,0,1,0,0,0,0,0,0,0,0,0,0,0,0,0,0,0,0,0,0,0,0,0,0,0,0,0,0,0,0,0,0,0,0,0,0,0,0,0,0,0,0,0,0,0,0,0,0,0,0,0,0,0,0,0,0,0,0,0,0,0,0,0,0,0,0,0,0,0,0,0,0,0,0,0,0,0,0,0,0,0,0,0,0,0,0,0,0,0,0,0,0,0,0,0,0,0,0,0,0,0,0,0,0,0,0,0,0,0,0,0,0,0,0,0,0,0,0,0,0,0,0,0,0,0,0,0,0,0,0,3,0,0,0,0,0,0,0,0
JOR,0,0,0,2,1,1,1,1,0,1,0,1,0,0,0,0,0,0,0,0,1,0,0,1,2,1,1,0,0,1,0,1,0,0,0,1,1,1,0,1,1,0,3,0,1,1,0,0,0,2,0,4,1,1,0,0,1,0,0,0,0,0,0,0,0,1,1,1,0,0,1,1,0,0,2,0,0,0,0,1,2,0,1,0,0,0,1,0,1,0,0,0,1,0,1,0,0,0,1,0,0,0,1,0,1,0,0,0,0,0,1,1,1,1,0,0,0,1,1,0,1,1,0,0,0,0,1,0,4,0,0,0,0,0,0,1,0,1,1,1,1,0,0,0,0,1,0,1,0,0,0,0,0,4,0,0,0,0,1,1,0,0
JPN,0,0,0,1,1,1,39,6,0,5,0,1,2,0,0,0,0,0,0,0,2,0,0,2,32,13,1,36,0,1,0,1,0,0,0,1,2,34,4,1,1,0,1,0,5,2,1,5,1,21,0,68,1,1,0,0,4,0,0,0,0,0,0,1,2,8,2,3,0,1,3,21,0,2,0,0,1,0,0,11,1,0,1,0,0,0,3,0,2,2,0,0,1,0,2,0,0,0,2,0,0,0,1,0,2,0,0,0,0,0,15,6,1,7,0,1,0,2,5,0,6,1,0,0,2,0,9,0,1,0,0,3,0,0,0,1,0,2,2,13,1,0,0,0,2,1,0,3,3,0,1,0,0,157,0,0,3,0,1,2,0,0
KAZ,0,0,0,0,0,0,0,0,0,0,0,0,0,0,0,0,0,0,0,0,0,0,0,0,0,0,0,0,0,0,0,0,0,0,0,0,0,0,0,0,0,0,0,0,0,0,0,0,0,1,0,1,0,0,0,0,0,0,0,0,0,0,0,0,0,0,0,0,0,0,0,0,0,0,0,0,0,0,0,0,0,0,0,0,0,0,0,0,0,0,0,0,0,0,0,0,0,0,0,0,0,0,0,0,0,0,0,0,0,0,0,0,0,0,0,0,0,0,0,0,0,0,0,0,0,0,0,0,0,0,0,0,0,0,0,0,0,0,0,0,0,0,0,0,0,0,0,1,0,0,0,0,0,0,0,0,0,0,0,0,0,0
KEN,0,0,0,0,0,0,2,0,0,1,0,0,0,0,0,0,0,0,0,0,0,0,0,0,9,0,1,5,0,0,0,0,0,0,0,0,0,3,0,0,0,0,0,0,0,0,0,0,0,0,0,13,0,0,0,0,0,0,0,0,0,0,0,0,0,1,0,0,0,0,0,1,0,0,1,0,0,0,0,0,0,0,0,0,0,0,0,0,0,0,0,0,0,1,0,0,0,0,0,0,0,0,0,0,0,0,0,0,0,0,5,0,0,1,0,0,0,1,0,0,0,0,0,0,0,0,1,0,0,0,0,0,0,0,0,0,0,0,0,0,0,0,0,0,0,0,0,0,4,2,1,0,0,20,0,0,0,0,0,2,1,0
KGZ,0,0,0,0,0,0,0,0,0,0,0,0,0,0,0,0,0,0,0,0,0,0,0,0,0,0,0,0,0,0,0,0,0,0,0,0,0,0,0,0,0,0,0,0,0,0,0,0,0,0,0,1,0,0,0,0,0,0,0,0,0,0,0,0,0,0,0,0,0,0,0,0,0,0,0,0,0,0,0,0,0,0,0,0,0,0,0,0,0,0,0,0,0,0,0,0,0,0,0,0,0,0,0,0,0,0,0,0,0,0,0,0,0,0,0,0,0,0,0,0,0,0,0,0,0,0,0,0,0,0,0,0,0,0,0,0,0,0,0,0,0,0,0,0,0,0,0,0,0,0,0,0,0,0,0,0,0,0,0,0,0,0
KHM,0,0,0,0,0,0,1,0,0,0,0,0,0,0,0,0,0,0,0,0,0,0,0,0,0,0,0,0,0,0,0,0,0,0,0,0,0,0,0,0,0,0,0,0,0,0,0,0,0,0,0,2,0,0,0,0,0,0,0,0,0,0,0,0,0,0,0,0,0,0,0,0,0,0,0,0,0,0,0,0,0,0,0,0,0,0,0,0,0,0,0,0,0,0,0,0,0,0,0,0,0,0,0,0,0,0,0,0,0,0,0,0,0,0,0,0,0,0,0,0,0,0,0,0,0,0,0,0,0,0,0,0,0,0,0,0,0,0,0,0,0,0,0,0,0,0,0,0,0,0,0,0,0,2,0,0,0,0,0,0,0,0
KOR,0,0,0,1,1,1,19,2,0,2,0,1,0,0,0,0,0,0,0,0,1,1,0,1,13,3,1,20,0,1,0,1,0,0,0,1,1,8,0,1,1,0,0,0,3,1,0,3,0,3,0,17,1,1,0,0,2,0,0,0,0,0,0,1,3,2,1,1,0,0,2,3,0,1,11,0,0,0,0,0,1,0,0,0,0,0,1,0,1,0,0,0,1,0,1,0,0,0,1,0,0,0,1,0,1,0,0,0,0,0,4,2,1,2,0,1,0,1,2,0,1,1,0,0,0,0,1,0,0,0,0,9,0,0,0,2,0,1,1,1,1,0,0,0,0,2,0,4,3,0,0,0,0,244,0,0,1,0,1,1,0,0
KWT,0,0,0,1,1,1,3,1,0,1,0,1,0,0,0,0,0,0,0,0,1,0,0,1,1,1,1,0,0,1,0,1,0,0,0,1,1,2,0,1,1,0,0,0,1,1,0,0,0,2,0,2,1,1,0,0,1,0,0,0,0,0,0,0,0,1,1,1,0,0,2,1,0,2,1,0,0,0,0,1,0,0,0,0,0,0,1,0,1,0,0,0,1,0,1,0,0,0,1,0,0,0,1,0,1,0,0,0,0,0,1,1,1,1,0,1,0,1,1,0,1,1,0,0,0,0,1,0,1,0,0,0,0,0,0,1,0,1,1,1,1,0,1,0,0,1,0,1,0,0,0,0,0,11,0,0,0,0,1,1,0,0
LAO,0,0,0,0,0,0,0,0,0,0,0,0,0,0,0,0,0,0,0,0,0,0,0,0,0,0,0,0,0,0,0,0,0,0,0,0,0,0,0,0,0,0,0,0,0,0,0,0,0,0,0,0,0,0,0,0,0,0,0,0,0,0,0,0,0,0,0,0,0,0,0,0,0,0,0,0,0,0,0,0,0,0,0,0,0,0,0,0,0,0,0,0,0,0,0,0,0,0,0,0,0,0,0,0,0,0,0,0,0,0,0,0,0,0,0,0,0,0,0,0,0,0,0,0,0,0,0,0,0,0,0,0,0,0,0,0,0,0,0,0,0,0,0,0,0,0,0,0,0,0,0,0,0,1,0,0,0,0,0,0,0,0
LBN,0,0,0,0,0,0,1,0,0,1,0,0,0,0,1,0,0,0,0,0,0,0,0,0,3,0,0,0,0,0,0,0,0,0,0,0,0,0,0,0,0,0,1,0,0,0,0,0,0,1,0,1,0,0,0,0,0,0,0,0,0,0,0,0,0,0,0,0,0,0,0,0,0,1,1,0,0,0,0,0,0,0,0,0,0,0,0,0,0,0,0,0,0,0,0,0,0,0,0,0,0,0,0,0,0,0,0,0,0,0,3,0,0,0,0,0,0,0,0,0,0,0,0,0,0,0,0,0,1,0,0,0,0,0,0,0,0,0,0,0,0,0,0,0,0,0,0,0,0,0,0,0,0,2,0,0,0,0,0,0,0,0
LBR,0,0,0,0,0,0,0,0,0,0,0,0,0,0,0,0,0,0,0,0,0,0,0,0,0,0,0,0,0,0,0,0,0,0,0,0,0,0,0,0,0,0,0,0,0,0,0,0,0,0,0,0,0,0,0,0,0,0,0,0,0,0,0,0,0,0,0,0,0,0,0,0,0,0,0,0,0,0,0,0,0,0,0,0,0,0,0,0,0,0,0,0,0,0,0,0,0,0,0,0,0,0,0,0,0,0,0,0,0,0,0,0,0,0,0,0,0,0,0,0,0,0,0,0,0,0,0,0,0,0,0,0,0,0,0,0,0,0,0,0,0,0,0,0,0,0,0,0,0,0,0,0,0,2,0,0,0,0,0,0,0,0
LBY,0,0,0,0,0,0,0,0,0,0,0,0,0,0,0,0,0,0,0,0,0,0,0,0,0,0,0,0,0,0,0,0,0,0,0,0,0,0,0,0,0,0,0,0,0,0,0,0,0,0,0,2,0,0,0,0,0,0,0,0,0,0,0,0,0,0,0,0,0,0,0,0,0,0,0,0,0,0,0,0,0,0,0,0,0,0,0,0,0,0,0,0,0,0,0,0,0,0,0,0,0,0,0,0,0,0,0,0,0,0,0,0,0,0,0,0,0,0,0,0,0,0,0,0,0,0,0,0,0,0,0,0,0,0,0,0,0,0,0,0,0,0,0,0,0,0,0,0,0,0,0,0,0,0,0,0,0,0,0,0,0,0
LIE,0,0,0,0,0,0,0,0,0,0,0,0,0,0,0,0,0,0,0,0,0,0,0,0,0,0,0,0,0,0,0,0,0,0,0,0,0,0,0,0,0,0,0,0,0,0,0,0,0,0,0,0,0,0,0,0,0,0,0,0,0,0,0,0,0,0,0,0,0,0,0,1,0,0,0,0,0,0,0,0,0,0,0,0,0,0,0,0,0,0,0,0,0,0,0,0,0,0,0,0,0,0,0,0,0,0,0,0,0,0,0,0,0,0,0,0,0,0,0,0,0,0,0,0,0,0,0,0,0,0,0,0,0,0,0,0,0,0,0,0,0,0,0,0,0,0,0,0,0,0,0,0,0,0,0,0,0,0,0,0,0,0
LKA,0,0,0,1,1,1,2,1,0,1,0,1,0,0,0,0,0,0,0,0,1,0,0,1,3,1,1,0,0,1,0,1,0,0,0,1,1,1,0,1,1,0,0,0,1,1,0,0,0,1,0,4,1,1,0,0,1,0,0,0,0,0,0,0,0,1,1,1,0,0,1,1,0,1,3,0,0,0,0,1,1,0,0,0,0,0,0,0,1,0,0,1,1,0,1,0,0,0,1,0,0,0,1,0,1,0,0,0,0,0,2,1,1,1,0,0,0,1,1,0,1,1,0,0,0,0,1,0,0,0,0,0,0,0,0,1,0,1,1,1,1,0,0,0,0,1,0,1,0,0,0,0,0,6,0,0,0,0,1,1,0,0
LSO,0,0,0,0,0,0,0,0,0,0,0,0,0,0,0,0,0,0,0,0,0,0,0,0,0,0,0,0,0,0,0,0,0,0,0,0,0,0,0,0,0,0,0,0,0,0,0,0,0,0,0,0,0,0,0,0,0,0,0,0,0,0,0,0,0,0,0,0,0,0,0,0,0,0,0,0,0,0,0,0,0,0,0,0,0,0,0,0,0,0,0,0,0,0,0,0,0,0,0,0,0,0,0,1,0,0,0,0,0,0,0,0,0,0,0,0,0,0,0,0,0,0,0,0,0,0,0,0,0,0,0,0,0,0,0,0,0,0,0,0,1,0,0,0,0,0,0,0,0,1,0,0,0,2,0,0,0,0,0,2,0,1
LTU,0,0,0,1,1,1,2,2,0,3,0,1,0,1,0,0,0,0,0,0,2,0,0,1,2,2,1,0,0,1,0,1,0,0,0,1,1,4,3,1,1,0,0,0,3,4,0,1,0,6,0,9,1,1,0,0,2,0,0,0,0,0,0,1,0,1,2,1,0,1,2,3,0,1,2,0,0,0,0,1,1,0,0,0,0,0,1,0,0,1,2,0,1,0,1,0,0,0,2,0,0,0,1,0,1,0,0,0,0,0,2,2,1,2,0,0,0,1,1,0,3,1,0,0,0,0,1,0,0,0,0,0,0,0,0,1,0,2,2,1,1,0,0,0,0,1,0,1,0,0,0,0,0,7,0,0,0,0,1,1,0,0
LUX,0,0,0,0,0,0,1,4,0,15,0,0,0,0,0,0,0,0,0,0,0,0,0,0,2,2,0,0,0,0,0,0,0,0,0,0,0,12,9,0,0,0,0,0,4,9,0,9,0,9,0,13,0,0,0,0,1,0,0,0,0,0,0,1,0,0,1,0,0,1,1,5,0,0,2,0,0,0,0,0,0,0,0,0,0,0,0,0,1,0,0,0,0,0,0,0,0,0,1,0,0,0,0,0,0,0,0,0,0,0,13,1,0,1,0,0,0,0,0,0,9,0,0,0,0,0,0,0,0,0,0,0,0,0,0,0,0,1,1,2,0,0,0,0,0,0,0,0,0,0,0,0,0,12,0,0,0,0,0,0,0,0
LVA,0,0,0,0,0,0,0,0,0,0,0,0,0,3,0,0,0,0,0,0,0,0,0,0,0,0,0,0,0,0,0,0,0,0,0,0,2,8,6,0,0,0,0,0,0,8,0,9,0,1,0,11,0,0,0,0,0,0,0,0,0,0,0,0,0,0,4,0,0,0,0,0,0,0,0,0,0,0,0,0,0,0,0,0,0,0,0,0,2,0,0,0,0,0,0,0,0,0,0,0,0,0,0,0,0,0,0,0,0,0,0,0,0,0,0,0,0,0,0,0,6,0,0,0,0,0,0,0,0,0,0,0,0,0,0,0,0,0,0,9,0,0,0,0,0,0,0,0,0,0,0,0,0,1,0,0,0,0,0,0,0,0
MAR,0,0,0,0,0,0,0,0,0,2,0,0,0,0,0,0,0,0,0,0,0,0,0,0,0,0,0,0,0,0,0,0,0,0,0,0,0,1,0,0,0,0,0,0,1,0,0,0,0,1,0,0,0,0,0,0,0,0,0,0,0,0,0,0,0,0,0,0,0,0,0,2,0,0,0,0,0,0,0,0,0,0,0,0,0,0,1,0,0,0,0,0,0,0,0,0,0,0,0,0,0,0,0,0,0,0,0,0,0,0,0,0,0,0,0,0,0,0,0,0,0,0,0,0,0,0,0,0,0,0,0,0,0,0,0,0,0,0,0,0,0,0,0,0,0,0,0,0,0,0,0,0,0,3,0,0,0,0,0,0,0,0
MDA,0,0,0,1,1,1,1,1,0,1,0,1,0,0,0,0,0,0,0,0,1,0,0,1,1,1,1,0,0,1,0,1,0,0,0,1,1,1,0,1,1,0,0,0,1,1,0,0,0,1,0,2,1,1,0,0,1,0,0,0,0,0,0,0,0,1,1,1,0,0,2,1,0,1,1,0,0,0,0,1,1,0,0,0,0,0,1,0,1,0,0,0,0,0,1,0,0,0,1,0,0,0,1,0,1,0,0,0,0,0,1,1,1,1,0,0,0,1,1,0,1,1,0,0,0,0,1,0,0,0,0,0,0,0,0,1,0,1,1,1,1,0,0,0,0,1,0,1,0,0,0,0,0,1,0,0,0,0,1,1,0,0
MDG,0,0,0,0,0,0,1,0,0,0,0,0,0,0,0,0,0,0,0,0,0,0,0,0,0,0,0,0,0,0,0,0,0,0,0,0,0,0,0,0,0,0,0,0,0,0,0,0,0,0,0,0,0,0,0,0,0,0,0,0,0,0,0,0,0,0,0,0,0,0,0,0,0,0,0,0,1,0,0,0,0,0,0,0,0,0,0,0,0,0,0,0,0,0,0,0,0,0,0,0,0,0,0,0,0,0,0,0,0,0,0,0,0,0,0,0,0,0,0,0,0,0,0,0,0,0,0,0,0,0,0,0,0,0,0,0,0,0,0,0,0,0,0,0,0,0,0,0,0,0,0,0,0,4,0,0,0,0,0,0,0,0
MEX,0,0,0,1,3,1,2,1,0,1,0,1,0,0,0,0,0,0,0,0,3,0,0,1,13,2,2,0,0,1,0,1,0,0,0,1,1,5,2,1,1,0,0,0,34,1,1,1,0,8,0,22,1,1,0,0,1,0,0,0,1,0,0,0,0,2,1,1,0,0,4,3,0,1,2,0,0,0,0,1,1,0,0,0,0,0,1,0,1,0,0,0,1,0,0,0,0,0,1,0,0,0,1,0,1,0,0,0,0,0,1,3,1,1,0,0,1,3,3,0,1,1,0,0,0,0,2,0,0,0,0,0,0,0,0,1,0,1,1,1,1,0,1,0,1,1,0,2,0,0,0,0,0,85,0,1,0,0,1,1,0,0
MHL,0,0,0,0,0,0,0,0,0,0,0,0,0,0,0,0,0,0,0,0,0,0,0,0,0,0,0,0,0,0,0,0,0,0,0,0,0,0,0,0,0,0,0,0,0,0,0,0,0,0,0,0,0,0,0,0,0,0,0,0,0,0,0,0,0,0,0,0,0,0,0,0,0,0,0,0,0,0,0,0,0,0,0,0,0,0,0,0,0,0,0,0,0,0,0,0,0,0,0,0,0,0,0,0,0,0,0,0,0,0,0,0,0,0,0,0,0,0,0,0,0,0,0,0,0,0,0,0,0,0,0,0,0,0,0,0,0,0,0,0,0,0,0,0,0,0,0,0,0,0,0,0,0,1,0,0,0,0,0,0,0,0
MKD,0,0,0,0,0,0,1,0,0,0,0,0,0,0,0,0,0,0,0,0,0,0,0,0,0,0,0,0,0,0,0,0,0,0,0,0,0,0,0,0,0,0,0,0,0,0,0,0,0,1,0,0,0,0,0,0,0,0,0,0,0,0,0,1,0,0,0,0,0,0,0,0,0,0,0,0,0,0,0,0,0,0,0,0,0,0,0,0,0,0,0,0,0,0,0,0,0,0,0,0,0,1,0,0,0,0,0,0,0,0,0,0,0,1,0,0,0,0,0,0,0,2,0,0,0,0,0,0,0,0,0,0,0,0,0,0,0,0,0,0,0,0,0,0,0,0,0,0,0,0,0,0,0,3,0,0,0,0,0,0,0,0
MLI,0,0,0,0,0,0,0,0,0,0,0,0,0,0,0,0,0,0,0,0,0,0,0,0,0,0,0,0,0,0,0,0,0,0,0,0,0,2,0,0,0,0,0,0,0,0,0,0,0,0,0,0,0,0,0,0,0,0,0,0,0,0,0,0,0,0,0,0,0,0,0,0,0,0,0,0,0,0,0,0,0,0,0,0,0,0,0,0,0,0,0,0,0,0,0,0,0,0,0,0,0,0,0,0,0,0,0,0,0,0,0,0,0,0,0,0,0,0,0,0,0,0,0,0,0,0,0,0,0,0,0,0,0,0,0,0,0,0,0,0,0,0,0,0,0,0,0,0,0,0,0,0,0,1,0,0,0,0,0,0,0,0
MLT,0,0,0,1,1,1,4,2,0,2,0,1,0,0,0,0,0,0,0,0,1,0,0,1,2,2,1,0,0,1,0,1,0,0,0,1,1,3,1,1,1,0,0,0,3,2,0,1,0,2,0,3,1,1,0,0,3,0,0,0,0,0,0,1,0,1,2,1,0,1,2,2,0,1,2,0,0,0,0,1,1,0,0,0,0,0,1,0,2,1,0,0,1,0,1,0,0,0,0,0,0,0,1,0,1,0,0,0,0,0,2,2,1,2,0,0,0,1,1,0,2,1,0,0,0,0,1,0,0,0,0,0,0,0,0,1,0,2,2,1,1,0,0,0,0,1,0,1,0,0,0,0,0,4,0,0,0,0,1,1,0,0
MNE,0,0,0,0,0,0,0,0,0,0,0,0,0,0,0,0,0,0,0,0,0,0,0,0,0,0,0,0,0,0,0,0,0,0,0,0,0,0,0,0,0,0,0,0,0,0,0,0,0,0,0,0,0,0,0,0,0,0,0,0,0,0,0,0,0,0,0,0,0,0,0,0,0,0,0,0,0,0,0,0,0,0,0,0,0,0,0,0,0,0,0,0,0,0,0,0,0,0,0,0,0,0,0,0,0,0,0,0,0,0,0,0,0,0,0,0,0,0,0,0,0,0,0,0,0,0,0,0,0,0,0,0,0,0,0,2,0,0,0,0,0,0,0,0,0,0,0,0,0,0,0,0,0,0,0,0,0,0,0,0,0,0
MNG,0,0,0,0,0,0,0,0,0,0,0,0,0,0,0,0,0,0,0,0,0,0,0,0,0,0,0,0,0,0,0,0,0,0,0,0,0,0,0,0,0,0,0,0,0,0,0,0,0,0,0,0,0,0,0,0,0,0,0,0,0,0,0,0,0,0,0,0,0,0,0,0,0,0,0,0,0,0,0,0,0,0,0,0,0,0,0,0,0,0,0,0,0,0,0,0,0,0,0,0,0,0,0,0,0,0,0,0,0,0,0,0,0,0,0,0,0,0,0,0,0,0,0,0,0,0,0,0,0,0,0,0,0,0,0,0,0,0,0,0,0,0,0,0,0,0,0,0,0,0,0,0,0,2,0,0,0,0,0,0,0,0
MOZ,0,0,0,0,0,0,0,0,0,0,0,0,0,0,0,0,0,0,0,0,0,0,0,0,0,0,0,0,0,0,0,0,0,0,0,0,0,0,0,0,0,0,0,0,0,0,0,1,0,0,0,0,0,0,0,0,0,0,0,0,0,0,0,0,0,0,0,0,0,0,0,0,0,0,0,0,0,0,0,0,0,0,0,0,0,0,0,0,0,0,0,0,0,0,0,0,1,0,0,0,0,0,0,0,0,0,0,0,1,0,0,1,0,0,0,0,0,0,0,0,0,0,0,0,0,0,0,0,0,0,0,0,0,0,0,0,0,0,0,1,0,0,0,0,0,0,0,0,0,0,0,0,0,2,0,0,0,0,0,1,0,0
MUS,0,0,0,1,1,1,2,1,0,1,0,1,0,0,0,0,0,0,0,0,1,0,0,1,1,1,1,0,0,1,0,1,0,0,0,1,1,1,1,1,1,0,0,0,1,1,0,0,0,1,0,6,1,1,0,0,1,0,0,0,0,0,0,0,0,1,1,1,0,0,1,1,0,1,1,0,0,0,0,1,1,0,0,0,0,0,1,0,1,0,0,0,1,0,1,0,0,0,1,0,0,0,0,0,1,0,0,0,0,0,1,1,1,1,0,0,0,1,2,0,1,1,0,0,0,0,1,0,0,0,0,0,0,0,0,1,0,1,1,1,1,0,0,0,0,1,0,1,0,0,0,0,0,3,0,0,0,0,1,1,0,0
MWI,0,0,0,0,0,0,0,0,0,0,0,0,0,0,0,0,0,0,0,0,0,0,0,0,0,0,0,0,0,0,0,0,0,0,0,0,0,0,0,0,0,0,0,0,0,0,0,0,0,0,0,2,0,0,0,0,0,0,0,0,0,0,0,0,0,1,0,0,0,0,0,0,0,0,0,0,0,0,0,0,0,0,0,0,0,0,0,1,0,0,0,0,0,0,0,0,0,0,0,0,0,0,0,0,0,0,0,0,0,0,0,0,0,0,0,0,0,0,0,0,0,0,0,0,0,0,0,0,0,0,0,0,0,0,0,0,0,0,0,0,1,0,0,0,0,0,0,0,0,1,0,0,0,5,0,0,0,0,0,2,0,0
MYS,0,0,0,1,1,1,4,1,0,1,0,1,0,1,0,0,0,0,0,0,1,0,0,1,1,2,1,1,0,1,0,1,0,0,0,1,1,1,2,1,1,0,0,0,1,1,0,0,0,1,0,11,1,1,0,0,2,0,0,0,0,0,0,0,1,4,1,1,1,0,1,1,0,1,2,0,0,0,0,1,1,0,0,0,0,0,1,0,1,0,0,0,1,0,1,0,0,0,1,0,0,0,1,0,0,0,0,0,0,0,1,1,1,2,0,0,0,1,1,0,1,1,0,0,0,0,1,0,0,0,0,2,0,0,0,1,0,1,1,1,1,0,0,0,1,1,0,1,1,0,0,0,0,8,0,0,0,0,1,2,0,0
NAM,0,0,0,0,0,0,0,0,0,0,0,0,0,0,0,0,0,0,0,0,0,0,0,0,1,0,0,0,0,0,0,0,0,0,0,0,0,0,0,0,0,0,0,0,0,0,0,0,0,0,0,0,0,0,0,0,0,0,0,0,0,0,0,0,0,0,0,0,0,0,0,0,0,0,0,0,0,0,0,0,0,0,0,0,0,0,0,0,0,0,0,0,0,0,0,0,0,0,0,0,0,0,0,0,0,0,0,0,1,0,0,0,0,0,0,0,0,0,0,0,0,0,0,0,0,0,0,0,0,0,0,0,0,0,0,0,0,0,0,0,0,0,0,0,0,0,0,0,0,0,0,0,0,0,0,0,0,0,0,0,0,0
NCL,0,0,0,0,0,0,0,0,0,0,0,0,0,0,0,0,0,0,0,0,0,0,0,0,0,0,0,0,0,0,0,0,0,0,0,0,0,0,0,0,0,0,0,0,0,0,0,0,0,2,0,0,0,0,0,0,0,0,0,0,0,0,0,0,0,0,0,0,0,0,0,0,0,0,0,0,0,0,0,0,0,0,0,0,0,0,0,0,0,0,0,0,0,0,0,0,0,0,0,0,0,0,0,0,0,0,0,0,0,0,0,0,0,0,0,0,0,0,0,0,0,0,0,0,0,0,0,0,0,0,0,0,0,0,0,0,0,0,0,0,0,0,0,0,0,0,0,0,0,0,0,0,0,0,0,0,0,0,0,0,0,0
NER,0,0,0,0,0,0,0,0,0,0,0,0,0,0,0,0,0,0,0,0,0,0,0,0,0,0,0,0,0,0,0,0,0,0,0,0,0,0,0,0,0,0,0,0,0,0,0,0,0,0,0,0,0,0,0,0,0,0,0,0,0,0,0,0,0,0,0,0,0,0,0,0,0,0,0,0,0,0,0,0,0,0,0,0,0,0,0,0,0,0,0,0,0,0,0,0,0,0,0,0,0,0,0,0,0,0,0,0,0,0,0,0,0,0,0,0,0,0,0,0,0,0,0,0,0,0,0,0,0,0,0,0,0,0,0,0,0,0,0,0,0,0,0,0,0,0,0,0,0,0,0,0,0,0,0,0,0,0,0,0,0,0
NGA,0,0,0,0,0,0,0,1,0,0,0,0,0,0,0,0,0,0,0,0,0,0,0,2,0,1,0,1,0,0,0,0,0,0,0,0,0,2,0,0,0,0,1,0,1,0,0,1,0,1,0,4,0,0,0,0,1,0,1,0,0,0,0,0,0,1,0,0,0,0,0,0,0,0,0,0,0,0,0,0,0,0,0,0,0,0,0,0,0,0,0,0,0,0,0,0,0,0,0,0,0,1,0,0,0,1,0,0,0,0,1,0,0,0,1,0,0,0,0,0,0,0,0,0,0,0,0,0,0,1,0,0,0,0,0,0,0,0,1,0,0,0,0,0,0,0,0,1,1,1,0,0,0,9,0,0,0,0,0,5,0,0
NIC,0,0,0,0,0,0,0,0,0,0,0,0,0,0,0,0,0,0,0,0,0,0,0,0,0,0,0,0,0,0,0,0,0,1,0,0,0,0,0,0,0,0,0,0,2,0,0,0,0,0,0,1,0,0,0,0,0,0,0,0,0,0,0,0,0,0,0,0,0,0,0,1,0,0,0,0,0,0,0,0,0,0,0,0,0,0,0,0,0,0,0,0,0,0,0,0,0,0,0,0,0,0,0,0,0,0,0,0,0,0,0,0,0,0,0,0,0,0,0,0,0,0,0,0,0,0,0,0,0,0,0,0,0,0,0,0,0,0,0,1,0,0,0,0,0,0,0,0,0,0,0,0,0,1,0,0,0,0,0,0,0,0
NLD,0,0,4,3,2,1,74,27,0,190,0,1,0,1,2,0,0,0,0,0,7,0,0,1,79,53,5,23,0,3,0,1,0,2,1,3,4,199,29,1,1,1,0,1,53,12,1,29,0,42,0,359,1,2,0,0,17,0,1,0,0,2,0,8,1,14,17,2,0,5,12,98,0,1,15,0,5,0,0,4,1,0,3,0,0,0,2,0,2,13,0,0,1,0,1,0,0,0,2,0,0,0,1,0,1,0,0,0,1,0,0,26,2,8,1,0,0,1,3,0,16,11,0,0,0,4,11,1,0,2,0,9,0,0,0,1,1,4,4,43,1,0,0,0,2,2,0,15,6,1,0,1,0,448,0,0,1,0,1,18,1,2
NOR,0,0,0,1,1,1,13,8,0,9,0,1,0,0,0,0,0,0,0,0,1,0,0,2,23,14,1,3,0,1,1,1,0,0,0,1,1,33,20,1,1,0,0,0,11,2,1,10,0,9,0,77,1,1,0,0,5,0,0,0,0,1,0,2,1,1,5,1,0,7,2,13,0,1,6,0,0,0,0,2,1,0,0,0,0,0,1,0,2,1,0,0,1,0,3,0,0,0,2,0,0,1,1,0,1,0,0,0,0,0,26,0,1,2,0,0,0,1,1,0,3,4,0,0,0,0,1,0,0,0,0,1,0,0,0,1,0,2,2,37,1,0,0,0,1,1,0,2,2,5,2,0,0,100,0,0,0,0,1,7,0,0
NPL,0,0,0,1,1,1,1,1,0,1,0,1,0,0,0,0,0,0,0,0,2,0,0,1,1,1,1,0,0,1,0,1,0,0,0,1,1,1,1,1,1,0,0,0,1,1,0,0,0,1,0,3,1,1,0,0,1,0,0,0,0,0,0,0,0,1,1,1,0,0,1,1,0,1,1,0,0,0,0,1,1,0,0,0,0,0,1,0,1,0,0,0,1,0,1,0,0,0,1,0,0,0,1,0,1,0,0,0,0,0,2,1,0,1,0,0,0,1,1,0,1,1,0,0,0,0,1,0,0,0,0,0,0,0,0,1,0,1,1,1,1,0,0,0,0,1,0,1,0,0,0,0,0,2,0,0,0,0,1,1,0,0
NZL,0,0,0,1,1,1,84,2,0,3,0,1,0,0,0,0,0,0,0,0,5,0,0,1,36,3,2,8,0,1,0,1,0,0,0,1,1,14,5,1,1,0,0,0,4,2,0,5,2,6,0,132,1,1,0,0,5,0,0,0,0,0,0,2,0,1,3,1,0,1,3,7,0,1,7,0,1,0,0,2,1,0,0,0,0,0,1,0,2,1,0,0,1,0,1,0,1,0,2,0,0,0,1,0,2,0,0,0,0,0,8,2,1,0,0,0,0,1,1,0,2,4,0,0,0,0,3,0,0,0,0,13,0,0,0,1,0,2,3,8,1,0,0,0,0,1,0,3,2,0,0,0,0,113,0,0,0,0,1,4,0,0
OMN,0,0,0,0,0,0,0,1,0,0,0,0,0,0,0,0,0,0,0,0,0,0,0,0,1,0,0,1,0,0,0,0,0,0,0,0,0,1,0,0,0,0,0,0,1,0,0,0,0,0,0,2,0,0,0,0,1,0,1,0,0,0,0,0,0,1,0,0,0,0,0,0,0,0,0,0,0,0,0,0,0,0,0,0,0,0,0,0,0,0,0,0,0,0,0,0,0,0,0,0,0,0,0,0,0,0,0,0,1,0,1,0,0,0,0,0,0,0,0,0,0,0,0,0,0,0,0,0,0,0,0,0,0,0,0,0,0,0,1,0,0,0,0,0,0,0,0,1,1,0,0,0,0,1,0,0,0,0,0,0,0,0
PAK,0,0,0,0,0,0,1,0,0,0,0,0,0,0,0,0,0,0,0,0,0,0,0,0,0,0,0,0,0,0,0,0,0,0,0,0,0,1,0,0,0,0,0,0,0,0,0,0,0,1,0,1,0,0,0,0,0,0,0,0,0,0,0,0,0,0,0,0,0,0,0,0,0,0,1,0,0,0,0,1,1,0,0,0,0,0,0,0,0,0,0,0,0,0,0,0,0,0,0,0,0,0,0,0,0,0,0,0,0,0,0,0,0,0,0,0,0,0,0,0,0,0,0,0,0,0,0,0,0,0,0,0,0,0,0,0,0,0,0,0,0,0,0,0,0,0,0,0,0,0,0,0,0,8,0,0,0,0,0,0,0,0
PAN,0,0,0,0,0,0,0,0,0,0,0,0,0,0,0,0,0,0,0,0,1,0,0,0,1,0,0,0,0,0,0,0,0,0,0,0,0,0,0,0,0,0,0,0,0,0,0,0,0,0,0,0,0,0,0,0,0,0,0,0,0,0,0,0,0,0,0,0,0,0,0,0,0,0,0,0,0,0,0,0,0,0,0,0,0,0,0,0,0,0,0,0,0,0,1,0,0,0,0,0,0,0,0,0,0,0,0,0,0,0,0,0,0,0,0,0,0,0,0,0,0,0,0,0,0,0,0,0,0,0,0,0,0,0,0,0,0,0,0,1,0,0,0,0,0,0,0,0,0,0,0,0,0,4,0,0,0,0,0,0,0,0
PER,0,0,0,1,1,1,1,1,0,2,0,1,0,0,0,0,0,0,0,0,2,0,0,1,3,1,2,0,0,1,0,1,0,0,0,1,1,3,0,1,1,0,0,0,4,1,0,0,0,3,0,5,1,1,0,0,1,0,0,0,0,0,0,1,0,1,1,1,0,0,1,1,0,1,2,0,1,0,0,1,1,0,0,0,0,0,1,0,1,0,0,0,1,0,3,0,0,0,1,0,0,0,1,0,1,0,0,0,0,0,1,1,1,1,0,0,0,0,1,0,1,1,0,0,0,0,1,1,0,0,0,0,0,0,0,1,0,1,1,1,1,0,0,0,0,1,0,1,0,0,0,0,0,15,0,0,1,0,1,1,0,0
PHL,0,0,0,1,1,1,5,1,0,1,0,1,1,0,0,0,0,0,0,0,1,0,0,1,2,2,1,1,0,1,0,1,0,0,0,1,1,2,0,1,1,0,0,0,3,1,0,0,0,2,0,7,1,1,0,0,1,0,0,0,0,0,0,0,1,4,1,1,0,0,1,1,0,1,5,0,0,0,0,2,1,0,0,0,0,0,1,0,1,0,0,0,1,0,3,0,0,0,1,0,0,0,2,0,1,0,0,0,0,0,3,1,1,1,0,0,0,1,0,0,1,1,0,0,0,0,1,0,0,0,0,1,0,0,0,1,0,1,1,1,1,0,0,0,0,1,0,1,1,0,0,0,0,11,0,0,2,0,1,3,0,0
PNG,0,0,0,0,0,0,3,0,0,0,0,0,0,0,0,0,0,0,0,0,0,0,0,0,0,0,0,1,0,0,0,0,0,0,0,0,0,0,0,0,0,0,0,0,0,0,0,0,1,0,0,3,0,0,0,0,0,0,0,0,0,0,0,0,0,0,0,0,0,0,0,0,0,0,0,0,0,0,0,0,0,0,0,0,0,0,0,0,0,0,0,0,0,0,0,0,0,0,0,0,0,0,0,0,0,0,0,0,0,0,0,0,0,0,0,0,0,0,0,0,0,0,0,0,0,0,0,0,0,0,0,0,0,0,0,0,0,0,0,0,0,0,0,0,0,0,0,0,0,0,0,0,0,2,0,0,0,0,0,0,0,0
POL,0,0,0,1,1,1,8,11,0,18,0,1,0,4,0,0,0,1,0,0,1,0,0,1,3,5,1,1,0,1,0,1,0,0,0,1,7,30,14,1,1,0,0,0,4,16,0,17,0,6,0,34,1,1,0,0,3,0,0,0,0,1,0,8,0,1,7,1,0,1,4,6,0,1,6,0,0,0,0,1,1,0,0,0,0,0,1,0,3,9,6,0,1,0,1,0,0,0,2,0,0,0,1,0,1,0,0,0,0,0,16,3,1,2,0,0,0,1,1,0,0,3,0,0,0,1,3,0,0,0,0,0,0,0,0,1,0,2,3,13,1,0,0,0,0,1,0,2,0,0,0,1,0,38,0,0,0,0,1,1,0,0
PRT,0,0,0,1,2,1,7,2,0,4,0,1,0,0,0,0,0,0,0,0,4,0,0,1,9,2,2,1,0,1,0,1,1,0,0,1,1,19,1,1,1,0,0,0,19,1,0,2,0,11,0,43,1,1,0,0,3,0,0,0,0,0,0,0,0,1,4,1,0,0,1,10,0,1,1,0,0,0,0,1,1,0,0,0,0,0,1,0,1,0,0,0,1,0,1,0,2,0,1,0,0,0,1,0,1,0,0,0,0,0,11,4,1,4,0,0,0,1,1,0,3,0,0,0,0,0,1,0,0,0,0,0,0,0,0,1,0,1,1,5,1,0,0,0,0,1,0,1,0,0,0,0,0,44,0,0,0,0,1,1,0,0
PRY,0,0,0,0,0,0,0,0,0,0,0,0,0,0,0,0,0,0,0,0,0,0,0,0,0,0,0,0,0,0,0,0,0,0,0,0,0,0,0,0,0,0,0,0,1,0,0,0,0,0,0,0,0,0,0,0,0,0,0,0,0,0,0,0,0,0,0,0,0,0,0,0,0,0,0,0,0,0,0,0,0,0,0,0,0,0,0,0,0,0,0,0,0,0,0,0,0,0,0,0,0,0,0,0,0,0,0,0,0,0,0,0,0,0,0,0,0,0,0,0,0,0,0,0,0,0,0,0,0,0,0,0,0,0,0,0,0,0,0,0,0,0,0,0,0,0,0,0,0,0,0,0,0,1,0,0,0,0,0,0,0,0
PSE,0,0,0,0,0,0,0,0,0,0,0,0,0,0,0,0,0,0,0,0,0,0,0,0,0,0,0,0,0,0,0,0,0,0,0,0,0,0,0,0,0,0,0,0,0,0,0,0,0,0,0,2,0,0,0,0,0,0,0,0,0,0,0,0,0,0,0,0,0,0,1,0,0,0,0,0,0,0,0,0,0,0,0,0,0,0,0,0,0,0,0,0,0,0,0,0,0,0,0,0,0,0,0,0,0,0,0,0,0,0,0,0,0,0,0,0,0,0,0,0,0,0,0,0,0,0,0,0,0,0,0,0,0,0,0,0,0,0,0,0,0,0,0,0,0,0,0,0,0,0,0,0,0,0,0,0,0,0,0,0,0,0
QAT,0,0,0,0,0,0,0,0,0,0,0,0,0,0,0,0,0,0,0,0,0,0,0,0,1,0,0,0,0,0,0,0,0,0,0,0,0,0,0,0,0,0,0,0,0,0,0,0,0,0,0,0,0,0,0,0,0,0,0,0,0,0,0,0,0,0,0,0,0,0,0,0,0,0,2,0,0,0,0,0,0,0,0,0,0,0,0,0,0,0,0,0,0,0,0,0,0,0,0,0,0,0,0,0,0,0,0,0,0,0,0,0,0,0,0,0,0,0,0,0,0,0,0,0,0,0,0,0,0,0,0,0,0,0,0,0,0,0,0,0,0,0,0,0,0,0,0,0,0,0,0,0,0,0,0,0,0,0,0,0,0,0
ROU,0,0,0,0,0,0,0,1,0,1,0,0,0,1,0,0,0,0,0,0,0,0,0,0,0,0,0,0,0,0,0,0,0,0,0,0,1,3,1,0,0,0,0,0,2,0,0,0,0,1,0,4,0,0,0,0,0,0,0,0,0,0,0,0,0,0,1,0,0,0,0,4,0,0,0,0,0,0,0,0,0,0,0,0,0,0,0,0,0,0,0,0,0,0,0,0,0,0,0,0,0,0,0,0,0,0,0,0,0,0,4,0,0,0,0,0,0,0,0,0,1,0,0,0,0,0,0,0,0,0,0,0,0,0,0,0,0,1,0,0,0,0,0,0,0,0,0,0,0,0,0,0,0,12,0,0,0,0,0,0,0,0
RUS,0,0,0,1,2,1,3,1,0,2,0,1,0,0,0,0,0,0,0,0,3,0,0,1,8,5,2,2,0,1,0,1,0,0,0,1,2,23,1,1,1,0,0,0,2,2,0,7,0,11,0,18,1,2,0,0,1,0,0,0,0,1,0,1,0,3,1,1,0,0,5,4,0,1,9,0,1,0,0,1,1,0,0,0,0,0,1,0,1,0,0,0,1,0,2,0,0,0,1,0,0,0,1,0,1,0,0,0,0,0,11,1,1,3,0,0,0,1,1,0,3,1,0,0,0,0,0,0,0,0,0,0,0,0,0,1,0,1,2,7,1,0,0,0,0,1,0,3,0,1,0,1,0,56,1,0,0,0,1,1,0,0
RWA,0,0,0,0,0,0,0,0,0,0,0,0,0,0,0,0,0,0,0,0,0,0,0,0,0,0,0,0,0,0,0,0,0,0,0,0,0,0,0,0,0,0,0,0,0,0,0,0,0,0,0,0,0,0,0,0,0,0,0,0,0,0,0,0,0,0,0,0,0,0,0,0,0,0,0,0,0,0,0,0,0,0,0,0,0,0,0,0,0,0,0,0,0,0,0,0,0,0,0,0,0,0,0,0,0,0,0,0,0,0,1,0,0,0,0,0,0,1,0,0,0,0,0,0,0,0,0,0,0,0,0,0,0,0,0,0,0,0,0,0,0,0,0,0,0,0,0,0,0,0,0,0,0,2,0,0,0,0,0,0,0,0
SAU,0,0,0,0,1,0,1,0,0,0,0,0,0,0,0,0,0,0,0,0,0,0,0,0,0,0,0,1,0,0,0,0,0,0,0,0,0,0,0,0,0,0,3,0,0,0,0,0,0,0,0,2,0,0,0,0,0,0,0,0,0,0,0,0,0,1,0,0,0,0,0,0,0,4,1,0,0,0,0,0,1,0,1,0,0,0,0,0,0,0,0,0,0,0,0,0,0,0,0,0,0,0,0,0,0,0,0,0,0,0,0,0,0,0,0,0,0,0,0,0,0,0,0,0,0,0,0,0,0,0,0,0,0,0,0,0,0,0,0,1,0,0,0,0,0,0,0,0,0,0,0,0,0,1,0,0,0,0,0,0,0,0
SDN,0,0,0,0,0,0,0,0,0,1,0,0,0,0,0,0,0,0,0,0,0,0,0,0,0,0,0,0,0,0,0,0,0,0,0,0,0,0,0,0,0,0,1,0,0,0,0,0,0,0,0,1,0,1,0,0,0,0,0,0,0,0,0,0,0,0,1,0,0,0,0,0,0,0,0,0,0,0,0,0,0,0,0,0,0,0,0,0,0,0,0,0,0,0,0,0,0,0,0,0,0,0,0,0,0,0,0,0,1,0,2,0,0,0,0,0,0,0,0,0,0,0,0,0,0,0,0,0,0,0,0,0,0,0,0,0,0,0,0,0,0,0,0,0,0,0,0,0,0,0,0,0,0,3,0,0,0,0,0,1,0,0
SEN,0,0,0,0,0,0,0,0,0,0,0,0,0,0,0,0,0,0,0,0,0,0,0,0,0,0,0,0,0,0,0,0,0,0,0,0,0,0,0,0,0,0,0,0,0,0,0,0,0,2,0,0,0,0,0,0,0,0,0,0,0,0,0,0,0,0,0,0,0,0,0,0,0,0,0,0,0,0,0,0,0,0,0,0,0,0,0,0,0,0,0,0,0,0,0,0,0,0,0,0,0,0,0,0,0,0,0,0,0,0,0,0,0,0,0,0,0,0,0,0,0,0,0,0,0,0,0,0,0,0,0,0,0,0,0,0,0,0,0,0,0,0,0,0,0,0,0,0,0,0,0,0,0,0,0,0,0,0,0,0,0,0
SGP,0,0,0,1,0,0,25,3,0,1,0,0,0,0,0,0,0,0,0,0,0,0,0,0,31,0,0,46,0,0,0,0,0,0,0,0,0,7,1,0,0,0,0,0,0,0,0,3,0,4,0,35,0,0,0,0,0,0,0,0,0,0,0,0,1,6,3,0,0,0,0,1,0,0,3,0,0,0,0,9,0,0,0,0,0,0,0,0,0,0,0,0,0,0,0,0,0,0,0,0,0,0,0,0,2,0,0,0,0,0,9,1,0,13,0,0,0,0,1,0,0,0,0,0,0,0,0,0,0,0,0,0,0,0,0,0,0,0,0,0,0,0,0,0,1,0,0,0,6,0,0,0,0,125,0,0,0,0,0,1,0,0
SLE,0,0,0,0,0,0,0,0,0,0,0,0,0,0,0,0,0,0,0,0,0,0,0,0,0,0,0,0,0,0,0,0,0,0,0,0,0,0,0,0,0,0,0,0,0,0,0,0,0,0,0,0,0,0,0,0,0,0,0,0,0,0,0,0,0,0,0,0,0,0,0,0,0,0,0,0,0,0,0,0,0,0,0,0,0,0,0,0,0,0,0,0,0,0,0,0,0,0,0,0,0,0,0,0,0,0,0,0,0,0,0,0,0,0,0,0,0,0,0,0,0,0,0,0,0,0,0,0,0,0,0,0,0,0,0,0,0,0,0,0,0,0,0,0,0,0,0,0,0,0,0,0,0,1,0,0,0,0,0,0,0,0
SLV,0,0,0,0,0,0,0,0,0,0,0,0,0,0,0,0,0,0,0,0,0,0,0,0,0,0,0,0,0,0,0,0,0,0,0,0,0,0,0,0,0,0,0,0,0,0,0,0,0,0,0,0,0,0,0,0,0,0,0,0,0,0,0,0,0,0,0,0,0,0,0,0,0,0,0,0,0,0,0,0,0,0,0,0,0,0,0,0,0,0,0,0,0,0,0,0,0,0,0,0,0,0,0,0,0,0,0,0,0,0,0,0,0,0,0,0,0,0,0,0,0,0,0,0,0,0,0,0,0,0,0,0,0,0,0,0,0,0,0,0,0,0,0,0,0,0,0,0,0,0,0,0,0,2,0,0,0,0,0,0,0,0
SMR,0,0,0,0,0,0,0,0,0,0,0,0,0,0,0,0,0,0,0,0,0,0,0,0,0,0,0,0,0,0,0,0,0,0,0,0,0,0,0,0,0,0,0,0,0,0,0,0,0,0,0,0,0,0,0,0,0,0,0,0,0,0,0,0,0,0,0,0,0,0,0,1,0,0,0,0,0,0,0,0,0,0,0,0,0,0,0,0,0,0,0,0,0,0,0,0,0,0,0,0,0,0,0,0,0,0,0,0,0,0,0,0,0,0,0,0,0,0,0,0,0,0,0,0,0,0,0,0,0,0,0,0,0,0,0,0,0,0,0,0,0,0,0,0,0,0,0,0,0,0,0,0,0,0,0,0,0,0,0,0,0,0
SRB,0,0,0,1,1,1,1,2,0,1,0,1,0,2,0,0,1,0,0,0,1,0,0,1,3,1,1,0,0,1,0,1,0,0,0,1,1,1,0,1,1,0,0,0,2,1,0,0,0,3,0,2,1,1,0,0,2,0,0,0,0,3,0,0,0,1,1,1,0,0,1,1,0,1,1,0,0,0,0,2,1,0,0,0,0,0,1,0,1,0,0,0,1,0,1,0,0,0,1,2,0,0,1,0,1,0,0,0,0,0,1,1,1,1,0,0,0,1,1,0,1,1,0,0,0,0,1,0,0,0,0,0,0,0,0,0,0,1,1,1,1,0,0,0,0,1,0,1,0,0,0,0,0,11,0,0,0,0,1,1,0,0
SUR,0,0,0,0,0,0,0,0,0,0,0,0,0,0,0,0,0,0,0,0,0,0,0,0,0,0,0,0,0,0,0,0,0,0,0,0,0,0,0,0,0,0,0,0,0,0,0,0,0,0,0,0,0,0,0,0,0,0,0,0,0,0,0,0,0,0,0,0,0,0,0,0,0,0,0,0,0,0,0,0,0,0,0,0,0,0,0,0,0,0,0,0,0,0,0,0,0,0,0,0,0,0,0,0,0,0,0,0,0,0,1,0,0,0,0,0,0,0,0,0,0,0,0,0,0,0,0,0,0,0,0,0,0,0,0,0,0,0,0,0,0,0,0,0,0,0,0,0,0,0,0,0,0,0,0,0,0,0,0,0,0,0
SVK,0,0,0,1,1,1,3,4,0,5,0,1,0,1,0,0,0,0,0,0,1,0,0,1,4,2,1,0,0,1,0,1,0,0,0,1,7,8,1,1,1,0,0,0,4,2,0,1,0,3,0,12,1,1,0,0,2,0,0,0,0,0,0,1,0,1,3,1,0,1,2,2,0,1,2,0,0,0,0,1,1,0,0,0,0,0,1,0,2,1,0,0,1,0,1,0,0,0,2,0,0,0,1,0,1,0,0,0,0,0,4,2,1,2,0,0,0,1,1,0,2,1,0,0,0,1,1,0,0,0,0,0,0,0,0,1,0,0,2,2,1,0,0,0,0,1,0,2,0,0,0,1,0,7,0,0,0,0,1,1,0,0
SVN,0,0,0,1,1,1,2,3,0,3,0,1,0,1,0,0,0,0,0,0,1,0,0,1,3,3,1,1,0,1,0,1,0,0,0,1,3,5,1,1,1,0,0,0,3,2,0,1,0,3,0,8,1,1,0,0,3,0,1,0,0,7,0,3,0,2,2,1,0,1,2,4,0,1,2,0,0,0,0,1,1,0,0,0,0,0,1,0,2,1,0,0,1,0,1,0,0,0,2,0,0,0,1,0,1,0,0,0,1,0,4,2,1,3,1,0,0,1,1,0,3,1,0,0,0,0,2,0,0,0,0,0,0,0,0,1,0,2,0,2,1,0,0,0,0,1,0,2,1,0,0,0,0,14,0,0,0,0,1,1,0,0
SWE,0,0,0,1,2,1,22,14,0,15,0,1,2,3,0,0,0,0,0,0,3,0,0,1,33,23,4,13,0,1,0,2,0,1,0,2,5,71,37,1,1,0,0,0,11,11,1,47,0,29,0,141,1,1,0,0,6,0,0,0,0,1,0,5,0,4,16,3,2,1,4,36,0,1,13,0,0,0,0,1,1,0,0,0,0,0,1,0,1,2,9,0,1,0,1,0,0,0,1,0,0,1,1,0,1,0,0,0,0,1,43,37,1,8,0,0,1,1,1,0,13,5,0,0,0,0,7,0,1,0,0,0,0,0,0,1,0,2,2,0,1,0,0,0,0,1,0,2,1,1,3,0,1,155,0,0,0,0,1,6,0,0
SWZ,0,0,0,1,1,1,1,1,0,1,0,1,0,0,0,0,0,0,0,0,1,0,0,1,1,1,1,0,0,1,0,1,0,0,0,1,1,1,0,1,1,0,0,0,1,1,0,0,0,1,0,1,1,1,0,0,1,0,0,0,0,0,0,0,0,1,1,1,0,0,1,1,0,1,1,0,0,0,0,1,1,0,0,0,0,0,1,1,1,0,0,0,1,0,1,0,0,0,1,0,0,0,1,1,1,0,0,0,0,0,1,1,1,1,0,0,0,1,1,0,1,1,0,0,0,0,1,0,0,0,0,0,0,0,0,1,0,1,1,1,0,0,0,0,0,1,0,1,0,1,0,0,0,2,0,0,0,0,1,2,0,0
SYC,0,0,0,0,0,0,0,0,0,0,0,0,0,0,0,0,0,0,0,0,0,0,0,0,0,1,0,0,0,0,0,0,0,0,0,0,0,0,0,0,0,0,0,0,0,0,0,0,0,0,0,0,0,0,0,0,0,0,0,0,0,0,0,0,0,0,0,0,0,0,0,0,0,0,0,0,0,0,0,0,0,0,0,0,0,0,0,0,0,0,0,0,0,0,0,0,0,0,0,0,0,0,0,0,0,0,0,0,0,0,0,0,0,0,0,0,0,0,0,0,0,0,0,0,0,0,0,0,0,0,0,0,0,0,0,0,0,0,0,0,0,0,0,0,0,0,0,0,0,0,0,0,0,1,0,0,0,0,0,0,0,0
SYR,0,0,0,0,0,0,0,0,0,0,0,0,0,0,0,0,0,0,0,0,0,0,0,0,0,0,0,0,0,0,0,0,0,0,0,0,0,1,0,0,0,0,0,0,0,0,0,0,0,0,0,0,0,0,0,0,0,0,0,0,0,0,0,0,0,0,0,0,0,0,0,0,0,0,0,0,0,0,0,0,1,0,0,0,0,0,0,0,0,0,0,0,0,0,1,0,0,0,0,0,0,0,0,0,0,0,0,0,0,0,0,0,0,0,0,0,0,0,0,0,0,0,0,0,0,0,0,0,0,0,0,0,0,0,0,0,0,0,0,0,0,0,0,0,0,0,0,0,0,0,0,0,0,0,0,0,0,0,0,0,0,0
TGO,0,0,0,0,0,0,0,0,0,0,0,0,0,0,0,0,0,0,0,0,0,0,0,0,0,0,0,0,0,0,0,0,0,0,0,0,0,0,0,0,0,0,0,0,0,0,0,0,0,0,0,0,0,0,0,0,0,0,0,0,0,0,0,0,0,0,0,0,0,0,0,0,0,0,0,0,0,0,0,0,0,0,0,0,0,0,0,0,0,0,0,0,0,0,0,0,0,0,0,0,0,0,0,0,0,0,0,0,0,0,0,0,0,0,0,0,0,0,0,0,0,0,0,0,0,0,0,0,0,0,0,0,0,0,0,0,0,0,0,0,0,0,0,0,0,0,0,0,0,0,0,0,0,0,0,0,0,0,0,0,0,0
THA,0,0,0,0,0,0,6,0,0,0,0,0,0,0,0,0,0,0,0,0,0,0,0,0,2,0,0,2,0,0,0,0,0,0,0,0,0,5,0,0,0,0,0,0,2,0,0,0,0,2,0,3,0,0,0,0,0,0,0,0,0,0,0,0,0,1,0,0,0,0,0,0,0,0,2,0,0,0,0,0,0,0,0,0,0,0,0,0,0,0,0,0,0,0,1,0,0,0,0,0,0,0,0,0,1,0,0,0,0,0,2,1,0,0,0,0,0,0,0,0,0,0,0,0,0,0,0,0,0,0,0,1,0,0,0,0,0,0,0,0,0,0,0,0,0,0,0,0,1,0,0,0,0,33,0,0,0,0,0,0,0,0
TTO,0,0,0,1,1,1,1,1,0,1,0,1,0,0,0,0,0,0,0,0,1,0,0,1,1,1,1,1,0,1,0,1,0,0,0,1,1,1,0,1,1,0,0,0,1,1,0,1,0,1,0,4,1,1,0,0,1,0,0,0,0,0,0,0,0,1,1,1,0,0,1,1,0,1,1,0,0,0,0,2,1,0,0,0,0,0,1,0,1,0,0,0,1,0,1,0,0,0,1,0,0,0,1,0,1,0,0,0,0,0,2,1,1,1,0,0,0,1,1,0,1,1,0,0,0,0,1,0,0,0,0,0,0,0,0,1,0,1,1,1,1,0,0,0,0,0,0,1,0,0,0,0,0,3,0,0,0,0,1,1,0,0
TUN,0,0,0,0,0,0,0,0,0,1,0,0,0,0,0,0,0,0,0,0,0,0,0,0,3,0,0,0,0,0,0,0,0,0,0,0,0,0,0,0,0,0,1,0,1,0,0,0,0,12,0,0,0,0,0,0,0,0,0,0,0,0,0,0,0,0,0,0,0,0,0,0,0,0,0,0,0,0,0,0,0,0,0,0,0,0,0,0,0,0,0,0,0,0,0,0,0,0,0,0,0,0,0,0,0,0,0,0,0,0,0,0,0,0,0,0,0,0,0,0,0,0,0,0,0,0,0,0,0,0,0,0,0,0,0,0,0,0,0,0,0,0,0,0,0,0,0,0,0,0,0,0,0,4,0,0,0,0,0,0,0,0
TUR,0,0,0,1,2,1,4,6,0,4,0,1,0,1,0,0,0,0,0,0,2,0,0,1,12,3,1,2,0,1,0,1,0,0,1,1,1,14,2,1,1,0,0,0,5,1,0,6,0,10,0,28,1,1,0,0,8,0,1,0,0,0,0,0,0,2,2,1,0,0,3,3,0,1,3,1,0,0,0,4,1,0,0,0,0,0,1,0,1,0,0,0,1,0,2,0,0,0,1,0,0,0,1,0,1,0,0,0,1,0,15,2,1,3,1,0,0,1,1,0,2,1,0,0,0,0,3,0,0,0,0,0,0,0,0,1,0,2,2,2,1,0,0,0,0,1,0,0,3,0,0,0,0,105,0,0,0,0,1,4,0,0
TWN,0,0,0,0,0,0,2,1,0,1,0,0,0,0,0,0,0,0,0,0,0,0,0,0,16,1,0,35,0,0,0,0,0,0,0,0,0,10,0,0,0,0,0,0,2,0,0,1,0,2,0,27,0,0,0,0,1,0,1,0,0,0,0,0,0,1,0,0,0,0,3,2,0,0,3,0,4,0,0,3,0,0,0,0,0,0,0,0,0,0,0,0,0,0,0,0,0,0,0,0,0,0,0,0,1,0,0,0,1,0,6,2,0,2,1,0,0,0,1,0,0,0,0,0,0,0,0,0,0,0,0,6,0,0,0,0,0,0,1,1,0,0,0,0,1,0,0,3,0,0,0,0,0,154,0,0,0,0,0,0,0,0
TZA,0,0,0,0,0,0,0,0,0,2,0,0,0,0,0,0,0,0,0,0,0,0,0,0,0,0,0,0,0,0,0,0,0,0,0,0,0,0,0,0,0,0,0,0,0,0,0,0,0,0,0,17,0,0,0,0,0,0,0,0,0,0,0,0,0,0,1,0,0,0,0,0,0,0,0,0,2,0,0,0,0,0,0,0,0,0,0,1,0,0,0,0,0,0,0,0,0,0,0,0,0,0,0,1,0,0,0,0,1,0,1,5,0,0,0,0,0,0,0,0,0,0,0,0,0,0,1,0,0,0,0,0,0,0,0,0,0,0,0,1,1,0,0,0,0,0,0,0,0,0,1,0,0,8,0,0,0,0,0,1,0,0
UGA,0,0,0,0,0,0,0,0,0,0,0,0,0,0,0,0,0,0,0,0,0,0,0,0,1,0,0,2,0,0,0,0,0,0,0,0,0,1,1,0,0,0,0,0,0,0,0,0,0,0,0,4,0,0,0,0,0,0,0,0,0,0,0,0,0,0,1,0,0,0,0,0,0,0,1,0,1,0,0,0,0,0,0,0,0,0,0,0,0,0,0,0,0,0,0,0,0,0,0,0,0,0,0,0,0,0,0,0,0,0,0,2,0,0,0,0,0,0,0,0,0,0,0,0,0,0,0,0,0,0,0,0,0,0,0,0,0,0,0,3,0,0,0,0,0,0,0,0,0,1,0,0,0,23,0,0,0,0,0,0,0,0
UKR,0,0,0,0,0,0,0,0,0,3,0,0,0,0,0,0,0,0,0,0,0,0,0,0,1,0,0,0,0,0,0,0,0,0,0,0,0,2,1,0,0,0,0,0,2,0,0,0,0,1,0,4,0,0,0,0,0,0,0,0,0,0,0,1,0,0,0,0,0,0,0,1,0,0,0,0,0,0,0,0,0,0,0,0,0,0,0,0,0,0,0,0,0,0,0,0,0,0,0,0,0,0,0,0,0,0,0,0,0,0,1,0,0,0,0,0,0,0,0,0,1,0,0,0,0,0,1,0,0,0,0,0,0,0,0,0,0,1,0,0,0,0,0,0,0,0,0,0,0,0,0,0,0,6,0,0,0,0,0,0,0,0
URY,0,0,0,0,0,0,0,0,0,0,0,0,0,0,0,0,0,0,0,0,2,0,0,0,0,1,0,0,0,0,0,0,0,0,0,0,0,0,0,0,0,0,0,0,2,0,0,0,0,0,0,0,0,0,0,0,0,0,0,0,0,0,0,0,0,0,0,0,0,0,0,0,0,0,0,0,0,0,0,0,0,0,0,0,0,0,0,0,0,0,0,0,0,0,0,0,0,0,0,0,0,0,0,0,0,0,0,0,0,0,0,0,0,0,0,0,0,0,0,0,0,0,0,0,0,0,0,0,0,0,0,0,0,0,0,0,0,0,0,1,0,0,0,0,0,0,0,0,0,0,0,0,0,5,0,0,0,0,0,0,0,0
USA,3,4,1,8,33,4,447,73,1,126,1,2,3,9,2,2,3,0,1,1,86,6,0,6,1210,231,36,462,0,4,2,17,0,9,2,12,19,563,95,1,1,8,9,0,210,17,9,94,5,327,1,1457,2,6,0,1,42,0,5,3,1,7,4,43,15,84,76,13,1,11,281,311,3,4,157,0,20,0,2,244,11,1,2,2,0,0,6,2,7,12,1,3,1,4,85,1,3,1,4,0,2,2,3,5,8,0,0,0,9,1,448,100,2,113,1,8,4,15,11,2,38,44,1,0,0,12,56,2,1,3,0,125,1,2,0,11,0,7,14,155,2,1,0,0,33,3,4,105,154,8,23,6,5,0,0,7,12,0,2,82,5,5
UZB,0,0,0,0,0,0,0,0,0,0,0,0,0,0,0,0,0,0,0,0,0,0,0,0,0,0,0,0,0,0,0,0,0,0,0,0,0,1,0,0,0,0,0,0,0,0,0,0,0,0,0,0,0,0,0,0,0,0,0,0,0,0,0,0,0,0,0,0,0,0,0,0,0,0,0,0,0,0,0,0,0,0,0,0,0,0,0,0,0,0,0,0,0,0,0,0,0,0,0,0,0,0,0,0,0,0,0,0,0,0,0,0,0,0,0,0,0,0,0,0,0,0,0,0,0,0,1,0,0,0,0,0,0,0,0,0,0,0,0,0,0,0,0,0,0,0,0,0,0,0,0,0,0,0,0,0,0,0,0,0,0,0
VEN,0,0,0,0,2,0,1,0,0,0,0,0,0,0,0,0,0,0,0,0,0,0,0,0,0,0,1,0,0,0,0,1,0,0,0,0,0,0,0,0,0,0,0,0,1,0,0,0,0,1,0,1,0,0,0,0,0,0,0,0,0,0,0,0,0,0,0,0,0,0,0,0,0,0,0,0,0,0,0,0,0,0,0,0,0,0,0,0,0,0,0,0,0,0,1,0,0,0,0,0,0,0,0,0,0,0,0,0,0,0,0,0,0,0,0,0,0,0,0,0,0,0,0,0,0,0,0,0,0,0,0,0,0,0,0,0,0,0,0,0,0,0,0,0,0,0,0,0,0,0,0,0,0,7,0,0,0,0,0,0,0,0
VNM,0,0,0,0,0,0,4,1,0,1,0,0,0,0,0,0,0,0,0,0,0,0,0,0,0,0,0,2,0,0,0,0,0,0,0,0,0,2,0,0,0,0,0,0,0,0,0,0,0,3,0,10,0,0,0,0,0,0,0,0,0,0,0,0,0,0,0,0,0,0,0,0,0,0,3,0,0,0,0,1,0,0,0,0,0,0,0,0,0,0,0,0,0,0,0,0,0,0,0,0,0,0,0,0,0,0,0,0,0,0,1,0,0,0,0,0,0,1,2,0,0,0,0,0,0,0,0,0,0,0,0,0,0,0,0,0,0,0,0,0,0,0,0,0,0,0,0,0,0,0,0,0,0,12,0,0,0,0,0,0,0,0
VUT,0,0,0,0,0,0,1,0,0,0,0,0,0,0,0,0,0,0,0,0,0,0,0,0,0,0,0,0,0,0,0,0,0,0,0,0,0,0,0,0,0,0,0,0,0,0,0,0,0,0,0,0,0,0,0,0,0,0,0,0,0,0,0,0,0,0,0,0,0,0,0,0,0,0,0,0,0,0,0,0,0,0,0,0,0,0,0,0,0,0,0,0,0,0,0,0,0,0,0,0,0,0,0,0,0,0,0,0,0,0,0,0,0,0,0,0,0,0,0,0,0,0,0,0,0,0,0,0,0,0,0,0,0,0,0,0,0,0,0,0,0,0,0,0,0,0,0,0,0,0,0,0,0,0,0,0,0,0,0,0,0,0
WSM,0,0,0,1,1,1,1,1,0,1,0,1,0,0,0,0,0,0,0,0,1,0,0,1,1,1,1,0,0,1,0,1,0,0,0,1,1,1,0,1,1,0,0,0,1,1,0,0,0,1,0,1,1,1,0,0,1,0,0,0,0,0,0,0,0,1,1,1,0,0,1,1,0,1,1,0,0,0,0,1,1,0,0,0,0,0,1,0,1,0,0,0,1,0,1,0,0,0,1,0,0,0,1,0,1,0,0,0,0,0,1,1,1,1,0,0,0,1,1,0,1,1,0,0,0,0,1,0,0,0,0,0,0,0,0,1,0,1,1,1,1,0,0,0,0,1,0,1,0,0,0,0,0,2,0,0,0,0,0,1,0,0
ZAF,0,0,0,2,1,1,19,1,0,10,0,1,0,0,0,0,0,0,0,0,3,0,0,6,15,3,2,2,0,1,0,1,0,0,0,1,1,7,9,1,1,0,0,1,5,1,0,2,0,5,1,68,1,2,0,0,4,0,0,0,0,0,0,0,2,3,1,1,0,0,1,5,0,1,2,0,2,0,0,1,1,0,0,0,0,0,1,2,1,0,0,0,1,0,1,0,0,0,1,0,0,1,1,2,2,0,0,0,5,0,18,7,1,4,0,0,0,1,3,0,1,1,0,0,0,0,1,0,0,1,0,1,0,0,0,1,0,1,1,6,2,0,0,0,0,1,0,4,0,1,0,0,0,82,0,0,0,0,1,0,1,3
ZMB,0,0,0,0,0,0,0,0,0,0,0,0,0,0,0,0,0,0,0,0,0,0,0,0,0,0,0,0,0,0,0,0,0,0,0,0,0,0,0,0,0,0,0,0,0,0,0,1,0,0,0,2,0,0,0,0,0,0,0,0,0,0,0,0,0,0,0,0,0,0,1,0,0,0,0,0,1,0,0,0,0,0,0,0,0,0,0,0,0,0,0,0,0,0,0,0,0,0,0,0,0,0,0,0,0,0,0,0,0,0,1,0,0,0,0,0,0,0,0,0,0,0,0,0,0,0,0,0,0,0,0,0,0,0,0,0,0,0,0,0,0,0,0,0,0,0,0,0,0,0,0,0,0,5,0,0,0,0,0,1,0,0
ZWE,0,0,0,0,0,0,0,0,0,0,0,0,0,0,0,0,0,0,0,0,0,0,0,1,1,0,0,0,0,0,0,0,0,0,0,0,0,0,0,0,0,0,0,0,0,0,0,0,0,0,0,0,0,0,0,0,0,0,0,0,0,0,0,0,0,1,0,0,0,0,0,0,0,0,0,0,0,0,0,0,0,0,0,0,0,0,0,1,0,0,0,0,0,0,0,0,0,0,0,0,0,0,0,0,0,0,0,0,0,0,2,0,0,0,0,0,0,0,0,0,0,0,0,0,0,0,0,0,0,0,0,0,0,0,0,0,0,0,0,0,0,0,0,0,0,0,0,0,0,0,0,0,0,5,0,0,0,0,0,3,0,0
